CustomerID,Age,Gender,Income,Region,AccountType,AccountBalance,CreditScore,LoanType,LoanAmount,InterestRate,LoanStatus,CustomerTenureYears,NumTransactionsLastMonth,AvgTransactionValue,LastTransactionDate,RiskLevel
CUST00001,23,Male,43972.0,Punjab,Savings,190012.81,645.0,Education Loan,1252015.11,11.37,Approved,1,10,681.64,2026-08-04,Medium Risk
CUST00002,30,Female,33698.0,Punjab,Current,96946.2,635.0,Personal Loan,919166.38,10.8,Approved,14,10,724.68,2026-06-28,Medium Risk
CUST00003,24,Female,33156.0,Sindh,Savings,135737.14,555.0,Car Loan,829131.21,11.0,Closed,7,6,1581.11,2026-07-13,High Risk
CUST00004,33,Male,67342.0,Punjab,Savings,143463.07,669.0,Education Loan,1162922.26,11.18,Approved,8,14,2848.46,2026-07-10,Medium Risk
CUST00005,34,Female,33613.0,Punjab,Salary Account,82081.48,622.0,Home Loan,3661550.58,17.11,Closed,3,7,1923.6,2026-08-10,Medium Risk
CUST00006,55,Female,158707.0,Sindh,Savings,66248.2,712.0,Car Loan,1363198.38,11.87,Approved,7,9,6986.26,2026-08-06,Low Risk
CUST00007,43,Male,88954.0,Islamabad Capital Territory,Fixed Deposit,106881.25,724.0,No Loan,0.0,0.0,No Loan,11,10,3750.11,2026-08-19,Low Risk
CUST00008,19,Female,20000.0,Punjab,Savings,37088.24,609.0,Car Loan,558171.81,21.62,Closed,1,12,1161.62,2026-07-02,Medium Risk
CUST00009,38,Male,43184.0,Sindh,Savings,59554.28,658.0,Home Loan,4928969.75,11.77,Rejected,7,9,3370.77,2026-07-22,High Risk
CUST00010,20,Female,20000.0,Balochistan,Savings,23825.25,625.0,No Loan,0.0,0.0,No Loan,0,12,798.61,2026-06-28,Medium Risk
CUST00011,43,Female,37132.0,Punjab,Salary Account,21896.62,620.0,No Loan,0.0,0.0,No Loan,10,9,2025.52,2026-07-10,Medium Risk
CUST00012,52,Male,62687.0,Islamabad Capital Territory,Salary Account,163796.23,583.0,No Loan,0.0,0.0,No Loan,11,13,1478.84,2026-07-27,Medium Risk
CUST00013,39,Male,76385.0,Punjab,Savings,286836.63,686.0,No Loan,0.0,0.0,No Loan,1,14,5589.24,2026-06-28,Medium Risk
CUST00014,27,Female,51412.0,Sindh,Savings,116050.92,585.0,No Loan,0.0,0.0,No Loan,2,17,1731.75,2026-07-08,Medium Risk
CUST00015,69,Female,93544.0,Sindh,Savings,233217.93,710.0,No Loan,0.0,0.0,No Loan,15,18,5562.57,2026-08-04,Low Risk
CUST00016,36,Female,40288.0,Punjab,Salary Account,80485.43,650.0,No Loan,0.0,0.0,No Loan,5,13,1010.63,2026-07-29,Medium Risk
CUST00017,49,Female,68484.0,Khyber Pakhtunkhwa,Current,155449.07,602.0,No Loan,0.0,0.0,No Loan,8,12,4206.14,2026-07-10,Medium Risk
CUST00018,50,Female,74207.0,Punjab,Savings,68049.84,632.0,Car Loan,444081.05,16.48,Approved,0,16,3831.86,2026-08-01,Medium Risk
CUST00019,55,Male,77613.0,Punjab,Current,63759.24,627.0,Car Loan,1094615.17,21.67,Rejected,1,15,2650.45,2026-08-14,High Risk
CUST00020,35,Male,31104.0,Punjab,Savings,68631.01,738.0,No Loan,0.0,0.0,No Loan,1,13,1807.13,2026-06-27,Low Risk
CUST00021,28,Male,20000.0,Khyber Pakhtunkhwa,Savings,22563.28,670.0,Personal Loan,747591.5,14.89,Approved,2,11,823.98,2026-08-14,Medium Risk
CUST00022,38,Male,55462.0,Balochistan,Current,124471.65,658.0,Car Loan,1411540.76,16.27,Approved,5,11,2107.32,2026-08-07,Medium Risk
CUST00023,42,Female,56087.0,Islamabad Capital Territory,Savings,49539.43,611.0,Home Loan,4232132.79,8.81,Pending,1,7,3813.47,2026-07-17,Medium Risk
CUST00024,40,Female,40657.0,Punjab,Fixed Deposit,152963.79,639.0,Business Loan,1736977.52,21.07,Closed,2,12,2128.25,2026-07-06,Medium Risk
CUST00025,34,Male,70549.0,Punjab,Salary Account,69249.95,644.0,No Loan,0.0,0.0,No Loan,4,13,2107.98,2026-08-23,Medium Risk
CUST00026,22,Female,54066.0,Khyber Pakhtunkhwa,Savings,138625.18,642.0,Business Loan,1787029.31,10.08,Approved,7,13,1971.07,2026-07-17,Medium Risk
CUST00027,31,Male,50695.0,Balochistan,Fixed Deposit,3076.1,556.0,No Loan,0.0,0.0,No Loan,14,11,2849.98,2026-07-02,High Risk
CUST00028,54,Male,65641.0,Sindh,Savings,59968.39,679.0,No Loan,0.0,0.0,No Loan,4,21,2196.04,2026-07-02,Medium Risk
CUST00029,32,Male,58241.0,Gilgit-Baltistan,Savings,233349.68,645.0,Car Loan,1454567.75,15.56,Rejected,5,11,3928.15,2026-08-16,High Risk
CUST00030,39,Male,52426.0,Sindh,Savings,86323.53,518.0,Personal Loan,1462104.32,21.81,Rejected,3,10,2070.04,2026-08-02,High Risk
CUST00031,45,Female,99316.0,Punjab,Salary Account,409275.64,644.0,No Loan,0.0,0.0,No Loan,0,13,4738.29,2026-08-14,Medium Risk
CUST00032,51,Male,66884.0,Islamabad Capital Territory,Fixed Deposit,265614.38,659.0,No Loan,0.0,0.0,No Loan,14,16,3407.05,2026-08-09,Medium Risk
CUST00033,20,Male,45787.0,Khyber Pakhtunkhwa,Current,87898.52,587.0,Business Loan,2624809.33,20.0,Rejected,4,17,2880.35,2026-07-29,High Risk
CUST00034,53,Female,61158.0,Punjab,Savings,146385.19,586.0,No Loan,0.0,0.0,No Loan,2,12,563.59,2026-08-24,Medium Risk
CUST00035,48,Male,74267.0,Gilgit-Baltistan,Savings,214733.04,657.0,Education Loan,749074.78,12.94,Rejected,1,6,4257.87,2026-07-19,High Risk
CUST00036,25,Male,57084.0,Sindh,Current,54673.54,609.0,Personal Loan,198541.09,14.72,Approved,2,12,1948.99,2026-07-30,Medium Risk
CUST00037,43,Male,90115.0,Punjab,Salary Account,330441.74,653.0,No Loan,0.0,0.0,No Loan,6,8,4010.02,2026-08-15,Medium Risk
CUST00038,18,Female,20000.0,Khyber Pakhtunkhwa,Savings,5749.29,653.0,Car Loan,178614.58,14.54,Rejected,1,9,1124.5,2026-08-03,High Risk
CUST00039,24,Male,20840.0,Punjab,Savings,92955.08,675.0,No Loan,0.0,0.0,No Loan,3,6,1676.84,2026-08-17,Medium Risk
CUST00040,43,Male,50298.0,Punjab,Current,108820.88,562.0,Personal Loan,384017.44,10.67,Approved,1,6,3081.22,2026-07-31,High Risk
CUST00041,41,Male,55477.0,Islamabad Capital Territory,Fixed Deposit,91710.05,589.0,No Loan,0.0,0.0,No Loan,4,13,2038.64,2026-08-08,Medium Risk
CUST00042,43,Male,66993.0,Punjab,Savings,84859.55,693.0,Home Loan,2686317.69,9.2,Approved,0,10,1123.45,2026-06-29,Medium Risk
CUST00043,50,Male,87690.0,Sindh,Current,195546.88,656.0,No Loan,0.0,0.0,No Loan,16,19,4536.36,2026-07-10,Medium Risk
CUST00044,35,Female,47403.0,Khyber Pakhtunkhwa,Savings,53549.3,664.0,No Loan,0.0,0.0,No Loan,3,10,1971.03,2026-07-14,Medium Risk
CUST00045,33,Male,80526.0,Punjab,Current,125945.22,757.0,Business Loan,1950261.55,15.84,Closed,4,13,4571.46,2026-07-01,Low Risk
CUST00046,32,Female,70948.0,Khyber Pakhtunkhwa,Savings,115791.01,701.0,Car Loan,1148438.85,20.34,Approved,8,7,2332.65,2026-07-10,Low Risk
CUST00047,31,Female,31783.0,Khyber Pakhtunkhwa,Fixed Deposit,93783.18,743.0,Home Loan,948908.7,20.76,Approved,2,8,3143.82,2026-07-03,Low Risk
CUST00048,38,Male,98554.0,Islamabad Capital Territory,Fixed Deposit,130980.63,645.0,Car Loan,1402863.18,21.0,Approved,0,17,7579.63,2026-07-13,Medium Risk
CUST00049,29,Female,39864.0,Punjab,Fixed Deposit,405.01,535.0,Education Loan,532592.07,13.18,Pending,3,9,1797.27,2026-08-04,High Risk
CUST00050,33,Male,68110.0,Punjab,Current,179423.4,634.0,Education Loan,763248.62,16.54,Approved,6,9,1898.19,2026-07-18,Medium Risk
CUST00051,67,Male,61122.0,Punjab,Fixed Deposit,46515.43,729.0,Car Loan,249755.56,10.96,Pending,14,11,1698.49,2026-07-19,Low Risk
CUST00052,58,Male,90132.0,Sindh,Savings,80268.76,717.0,Personal Loan,1203875.81,10.91,Approved,1,7,2471.33,2026-07-09,Low Risk
CUST00053,39,Female,61518.0,Punjab,Current,93137.99,631.0,Personal Loan,327671.66,8.86,Approved,4,11,2432.76,2026-07-13,Medium Risk
CUST00054,49,Male,100094.0,Punjab,Current,105738.03,549.0,Education Loan,1150136.58,10.39,Closed,3,11,8400.8,2026-08-22,High Risk
CUST00055,62,Male,99606.0,Punjab,Savings,341795.28,701.0,Personal Loan,47218.2,20.84,Approved,4,9,7030.5,2026-08-04,Low Risk
CUST00056,42,Male,99313.0,Khyber Pakhtunkhwa,Savings,445487.24,560.0,Personal Loan,266099.39,18.46,Approved,4,9,2424.08,2026-08-02,High Risk
CUST00057,53,Male,49905.0,Punjab,Current,120412.55,662.0,No Loan,0.0,0.0,No Loan,1,13,5050.47,2026-07-07,Medium Risk
CUST00058,35,Male,41595.0,Punjab,Fixed Deposit,97976.18,600.0,Business Loan,4007108.6,17.88,Approved,4,10,3587.53,2026-08-09,Medium Risk
CUST00059,21,Female,27943.0,Sindh,Salary Account,93404.57,689.0,No Loan,0.0,0.0,No Loan,9,9,1637.25,2026-07-06,Medium Risk
CUST00060,39,Male,75662.0,Punjab,Current,121637.66,645.0,No Loan,0.0,0.0,No Loan,9,10,4814.37,2026-07-19,Medium Risk
CUST00061,20,Male,44925.0,Punjab,Savings,160152.63,578.0,Home Loan,2720481.9,19.17,Approved,4,17,2320.18,2026-08-25,High Risk
CUST00062,49,Female,97779.0,Punjab,Current,230225.86,646.0,Car Loan,373390.18,9.99,Approved,1,10,7731.16,2026-08-04,Medium Risk
CUST00063,18,Male,51918.5,Khyber Pakhtunkhwa,Savings,86340.51,606.0,No Loan,0.0,0.0,No Loan,3,13,1066.58,2026-07-30,Medium Risk
CUST00064,42,Female,20000.0,Punjab,Savings,23790.31,592.0,Education Loan,1328003.11,21.02,Closed,0,11,1475.61,2026-08-07,Medium Risk
CUST00065,41,Female,48186.0,Punjab,Savings,151938.32,752.0,Business Loan,1364720.21,10.25,Pending,15,14,2238.77,2026-08-16,Low Risk
CUST00066,27,Male,62902.0,Sindh,Savings,50025.92,613.0,No Loan,0.0,0.0,No Loan,3,12,3426.63,2026-08-12,Medium Risk
CUST00067,52,Female,42504.0,Sindh,Savings,164513.11,713.0,No Loan,0.0,0.0,No Loan,10,14,3300.15,2026-07-10,Low Risk
CUST00068,44,Male,51941.0,Khyber Pakhtunkhwa,Savings,153023.64,649.0,Personal Loan,933051.84,21.75,Rejected,1,13,3925.13,2026-06-28,High Risk
CUST00069,40,Female,46365.0,Sindh,Salary Account,92753.22,654.0,Education Loan,1038070.87,9.42,Approved,6,10,1799.96,2026-07-15,Medium Risk
CUST00070,41,Female,54324.0,Khyber Pakhtunkhwa,Current,56662.07,560.0,Business Loan,3483727.02,11.48,Approved,5,14,327.24,2026-07-13,High Risk
CUST00071,34,Female,20526.0,Gilgit-Baltistan,Savings,40478.88,585.0,No Loan,0.0,0.0,No Loan,2,17,512.52,2026-07-09,Medium Risk
CUST00072,54,Female,85837.0,Punjab,Salary Account,274989.69,704.0,No Loan,0.0,0.0,No Loan,4,7,5060.45,2026-08-22,Low Risk
CUST00073,51,Female,81885.0,Sindh,Savings,49127.24,774.0,Home Loan,367834.24,16.36,Approved,7,10,3353.51,2026-08-18,Low Risk
CUST00074,18,Female,55588.0,Islamabad Capital Territory,Fixed Deposit,5105.84,578.0,Education Loan,230893.4,15.23,Rejected,6,13,2726.36,2026-07-15,High Risk
CUST00075,26,Male,40541.0,Punjab,Savings,11116.94,616.0,Car Loan,1204868.31,11.2,Approved,0,13,2075.4,2026-08-05,Medium Risk
CUST00076,29,Female,53031.0,Balochistan,Savings,195822.82,720.0,Car Loan,799075.94,18.38,Approved,0,9,2861.13,2026-07-20,Low Risk
CUST00077,24,Female,23967.0,Khyber Pakhtunkhwa,Current,74476.41,650.0,Education Loan,1462693.88,17.28,Approved,5,6,1074.98,2026-08-20,Medium Risk
CUST00078,18,Female,53321.0,Sindh,Savings,119183.9,649.0,Car Loan,740270.03,20.29,Closed,2,9,3782.7,2026-07-24,Medium Risk
CUST00079,43,Female,28654.0,Sindh,Fixed Deposit,34599.76,651.0,Personal Loan,1457664.74,10.94,Closed,3,11,2091.03,2026-07-12,Medium Risk
CUST00080,18,Male,39357.0,Punjab,Current,62764.29,600.0,No Loan,0.0,0.0,No Loan,3,9,2240.6,2026-07-11,Medium Risk
CUST00081,18,Male,36354.0,Balochistan,Savings,77102.47,678.0,Personal Loan,74273.71,18.44,Rejected,3,13,1629.36,2026-07-30,High Risk
CUST00082,34,Male,50409.0,Islamabad Capital Territory,Savings,29419.35,686.0,Car Loan,81527.83,10.5,Closed,16,13,2439.07,2026-07-12,Medium Risk
CUST00083,18,Male,51918.5,Khyber Pakhtunkhwa,Savings,119890.33,598.0,Car Loan,1455469.83,9.77,Rejected,2,17,6972.2,2026-08-01,High Risk
CUST00084,42,Female,58027.0,Sindh,Salary Account,203027.06,716.0,Car Loan,602919.32,17.29,Approved,5,13,4278.95,2026-08-19,Low Risk
CUST00085,18,Female,20000.0,Khyber Pakhtunkhwa,Fixed Deposit,60384.32,701.0,No Loan,0.0,0.0,No Loan,0,12,561.49,2026-07-20,Low Risk
CUST00086,19,Male,20000.0,Sindh,Savings,51653.24,718.0,No Loan,0.0,0.0,No Loan,3,11,1403.93,2026-07-10,Low Risk
CUST00087,31,Male,45101.0,Punjab,Savings,108565.55,784.0,No Loan,0.0,0.0,No Loan,7,20,2939.62,2026-08-25,Low Risk
CUST00088,40,Male,51677.0,Punjab,Current,97240.85,586.0,No Loan,0.0,0.0,No Loan,3,10,1443.25,2026-07-27,Medium Risk
CUST00089,29,Female,20000.0,Punjab,Savings,58732.0,544.0,No Loan,0.0,0.0,No Loan,0,13,992.14,2026-07-02,High Risk
CUST00090,43,Female,45525.0,Sindh,Salary Account,120071.53,647.0,Personal Loan,924251.86,14.05,Pending,11,10,2313.21,2026-06-29,Medium Risk
CUST00091,46,Female,49588.0,Sindh,Current,20663.32,776.0,Personal Loan,1110573.14,20.15,Approved,0,13,1926.5,2026-07-03,Low Risk
CUST00092,20,Female,40259.0,Punjab,Current,77058.7,730.0,No Loan,0.0,0.0,No Loan,23,7,1567.21,2026-08-03,Low Risk
CUST00093,18,Female,44083.0,Punjab,Savings,147185.54,570.0,Home Loan,393648.02,15.51,Approved,8,9,2495.87,2026-08-13,High Risk
CUST00094,47,Male,35484.0,Khyber Pakhtunkhwa,Salary Account,78054.27,741.0,Personal Loan,852199.29,21.43,Approved,5,8,2071.57,2026-07-22,Low Risk
CUST00095,56,Male,67930.0,Punjab,Current,185986.8,642.0,No Loan,0.0,0.0,No Loan,13,12,6547.54,2026-06-30,Medium Risk
CUST00096,41,Male,44413.0,Balochistan,Fixed Deposit,140409.25,595.0,Education Loan,839627.32,12.62,Approved,2,13,1038.17,2026-07-19,Medium Risk
CUST00097,40,Female,56361.0,Balochistan,Savings,214058.96,642.0,Business Loan,4346880.62,19.38,Pending,1,6,3422.81,2026-08-25,Medium Risk
CUST00098,26,Male,40863.0,Balochistan,Savings,147200.76,631.0,No Loan,0.0,0.0,No Loan,7,8,2711.48,2026-07-28,Medium Risk
CUST00099,32,Male,21992.0,Punjab,Savings,22022.94,658.0,No Loan,0.0,0.0,No Loan,2,10,686.44,2026-08-24,Medium Risk
CUST00100,35,Female,63902.0,Sindh,Savings,4695.16,636.0,Education Loan,105515.23,17.88,Closed,1,8,5100.31,2026-08-17,Medium Risk
CUST00101,40,Male,40701.0,Punjab,Current,171225.37,711.0,Car Loan,800021.37,14.25,Approved,10,11,1082.55,2026-06-27,Low Risk
CUST00102,18,Female,51966.0,Punjab,Savings,133334.56,602.0,Personal Loan,37938.75,11.76,Closed,8,21,3005.51,2026-08-09,Medium Risk
CUST00103,18,Male,81513.0,Balochistan,Savings,161982.87,596.0,No Loan,0.0,0.0,No Loan,3,11,6474.04,2026-08-06,Medium Risk
CUST00104,34,Female,77758.0,Sindh,Savings,224148.27,785.0,No Loan,0.0,0.0,No Loan,11,13,2945.92,2026-07-29,Low Risk
CUST00105,22,Male,36367.0,Khyber Pakhtunkhwa,Current,98123.13,640.0,Personal Loan,1435622.07,18.46,Approved,1,10,1056.89,2026-07-13,Medium Risk
CUST00106,43,Male,67063.0,Khyber Pakhtunkhwa,Savings,14712.35,714.0,No Loan,0.0,0.0,No Loan,2,9,2338.09,2026-08-04,Low Risk
CUST00107,44,Female,91815.0,Sindh,Savings,327591.48,723.0,No Loan,0.0,0.0,No Loan,4,13,5579.22,2026-07-03,Low Risk
CUST00108,49,Male,81120.0,Punjab,Savings,154702.65,788.0,No Loan,0.0,0.0,No Loan,1,7,2266.15,2026-07-23,Low Risk
CUST00109,20,Female,55225.0,Balochistan,Salary Account,186618.49,654.0,No Loan,0.0,0.0,No Loan,3,15,2961.19,2026-07-24,Medium Risk
CUST00110,21,Female,31240.0,Khyber Pakhtunkhwa,Fixed Deposit,37623.68,700.0,No Loan,0.0,0.0,No Loan,3,13,1575.29,2026-08-23,Low Risk
CUST00111,58,Male,93588.0,Islamabad Capital Territory,Current,289626.54,602.0,Personal Loan,1095163.34,21.89,Approved,2,15,7805.06,2026-08-18,Medium Risk
CUST00112,41,Female,44733.0,Khyber Pakhtunkhwa,Current,0.0,595.0,No Loan,0.0,0.0,No Loan,2,10,2816.64,2026-07-12,Medium Risk
CUST00113,27,Male,20000.0,Khyber Pakhtunkhwa,Salary Account,37329.45,517.0,No Loan,0.0,0.0,No Loan,0,13,779.26,2026-07-27,High Risk
CUST00114,67,Female,91961.0,Sindh,Current,208589.45,740.0,Business Loan,2516365.63,9.54,Approved,2,15,5687.84,2026-07-07,Low Risk
CUST00115,18,Female,50023.0,Punjab,Savings,98931.86,626.0,Car Loan,1497554.32,21.1,Rejected,2,13,2274.56,2026-08-20,High Risk
CUST00116,25,Female,68366.0,Sindh,Savings,54634.2,655.0,Education Loan,403759.2,14.3,Closed,9,11,1000.28,2026-08-18,Medium Risk
CUST00117,39,Male,45738.0,Sindh,Savings,125878.88,670.0,No Loan,0.0,0.0,No Loan,0,15,2195.28,2026-07-14,Medium Risk
CUST00118,34,Male,58075.0,Punjab,Savings,176974.12,735.0,Home Loan,216387.32,9.35,Closed,0,12,2588.84,2026-08-04,Low Risk
CUST00119,39,Male,57383.0,Sindh,Salary Account,0.0,616.0,No Loan,0.0,0.0,No Loan,19,9,3206.05,2026-08-02,Medium Risk
CUST00120,20,Male,34399.0,Punjab,Savings,41392.9,583.0,No Loan,0.0,0.0,No Loan,4,12,1162.51,2026-07-06,Medium Risk
CUST00121,33,Female,51807.0,Khyber Pakhtunkhwa,Current,12950.15,467.0,Education Loan,1277963.55,17.53,Rejected,2,14,2611.9,2026-08-11,High Risk
CUST00122,28,Female,25818.0,Khyber Pakhtunkhwa,Savings,35518.65,597.0,No Loan,0.0,0.0,No Loan,3,9,798.64,2026-07-29,Medium Risk
CUST00123,32,Female,59585.0,Sindh,Salary Account,217103.82,641.0,Home Loan,572094.81,17.37,Pending,2,9,4074.7,2026-08-12,Medium Risk
CUST00124,28,Female,71703.0,Punjab,Salary Account,188863.76,678.0,No Loan,0.0,0.0,No Loan,1,8,2371.42,2026-07-28,Medium Risk
CUST00125,40,Male,75422.0,Punjab,Savings,201048.87,742.0,No Loan,0.0,0.0,No Loan,2,13,3488.8,2026-06-27,Low Risk
CUST00126,48,Male,66818.0,Sindh,Fixed Deposit,232690.07,669.0,Business Loan,4104364.39,15.8,Pending,1,12,2868.94,2026-07-16,Medium Risk
CUST00127,35,Male,20000.0,Balochistan,Savings,30569.51,660.0,Personal Loan,230118.54,13.2,Rejected,6,14,1399.32,2026-06-28,High Risk
CUST00128,31,Male,46548.0,Punjab,Current,79393.96,610.0,Business Loan,1174538.81,19.8,Approved,5,14,2514.67,2026-08-21,Medium Risk
CUST00129,49,Male,34281.0,Islamabad Capital Territory,Salary Account,119935.08,708.0,Business Loan,3370124.94,16.07,Approved,2,12,224.42,2026-08-18,Low Risk
CUST00130,47,Female,60111.0,Punjab,Fixed Deposit,194878.97,696.0,Business Loan,3782111.42,19.37,Approved,16,14,2482.0,2026-08-15,Medium Risk
CUST00131,44,Female,51538.0,Punjab,Fixed Deposit,117543.32,626.0,Home Loan,1541263.04,16.58,Approved,1,15,3556.44,2026-07-15,Medium Risk
CUST00132,57,Female,95157.0,Punjab,Current,348214.26,680.0,Business Loan,3014943.62,10.05,Approved,12,17,6969.07,2026-06-30,Medium Risk
CUST00133,18,Male,20000.0,Sindh,Fixed Deposit,50760.16,676.0,No Loan,0.0,0.0,No Loan,4,13,1030.17,2026-08-18,Medium Risk
CUST00134,18,Male,23585.0,Sindh,Salary Account,33040.27,623.0,No Loan,0.0,0.0,No Loan,0,9,1978.81,2026-08-22,Medium Risk
CUST00135,34,Male,20000.0,Punjab,Current,30472.22,539.0,Personal Loan,344221.84,9.0,Approved,2,15,249.93,2026-07-02,High Risk
CUST00136,38,Female,34521.0,Sindh,Savings,55617.31,700.0,Car Loan,1489368.92,10.28,Approved,2,11,1740.76,2026-07-26,Low Risk
CUST00137,46,Female,101883.0,Punjab,Fixed Deposit,366899.15,682.0,Personal Loan,913617.27,17.77,Approved,2,11,4663.94,2026-07-01,Medium Risk
CUST00138,25,Female,51198.0,Khyber Pakhtunkhwa,Current,86144.01,632.0,No Loan,0.0,0.0,No Loan,12,13,2579.2,2026-08-11,Medium Risk
CUST00139,37,Female,34180.0,Punjab,Savings,65381.25,522.0,Personal Loan,202044.88,16.04,Rejected,6,14,893.03,2026-08-11,High Risk
CUST00140,48,Male,59355.0,Khyber Pakhtunkhwa,Fixed Deposit,250370.04,645.0,Car Loan,569335.19,16.61,Pending,5,11,3930.26,2026-07-04,Medium Risk
CUST00141,25,Male,27646.0,Punjab,Current,67679.46,613.0,Home Loan,3401747.17,16.68,Approved,1,14,1120.3,2026-07-25,Medium Risk
CUST00142,36,Male,49046.0,Punjab,Savings,101161.44,626.0,Business Loan,624887.85,21.4,Approved,10,13,4020.44,2026-07-29,Medium Risk
CUST00143,18,Female,20000.0,Punjab,Current,38115.3,752.0,No Loan,0.0,0.0,No Loan,8,11,684.89,2026-07-12,Low Risk
CUST00144,29,Male,20000.0,Gilgit-Baltistan,Current,25659.0,560.0,Car Loan,743568.79,13.92,Closed,10,13,1095.7,2026-08-18,High Risk
CUST00145,31,Female,51918.5,Punjab,Current,50549.12,653.0,Business Loan,696729.1,19.17,Approved,7,19,1150.84,2026-07-22,Medium Risk
CUST00146,36,Male,57981.0,Punjab,Savings,100552.34,611.0,Home Loan,2907531.19,20.19,Closed,2,8,4492.88,2026-07-09,Medium Risk
CUST00147,50,Female,63288.0,Islamabad Capital Territory,Savings,246121.02,480.0,No Loan,0.0,0.0,No Loan,13,14,2186.12,2026-07-29,High Risk
CUST00148,41,Male,86234.0,Punjab,Savings,309173.86,720.0,Personal Loan,1112046.89,19.76,Approved,0,14,5196.61,2026-08-09,Low Risk
CUST00149,27,Female,46095.0,Sindh,Savings,73236.26,627.0,Personal Loan,1216188.11,21.29,Approved,15,12,2305.86,2026-07-09,Medium Risk
CUST00150,27,Female,36319.0,Punjab,Savings,57194.18,585.0,No Loan,0.0,0.0,No Loan,13,11,1133.22,2026-07-15,Medium Risk
CUST00151,18,Male,26687.0,Sindh,Salary Account,87868.42,543.0,Business Loan,2540265.56,14.57,Rejected,4,6,1765.14,2026-08-25,High Risk
CUST00152,25,Female,44314.0,Sindh,Savings,172761.05,633.0,Personal Loan,951745.39,9.23,Pending,1,4,647.8,2026-08-04,Medium Risk
CUST00153,26,Female,67739.0,Punjab,Savings,81846.74,699.0,No Loan,0.0,0.0,No Loan,11,11,3915.94,2026-07-23,Medium Risk
CUST00154,35,Male,48761.0,Punjab,Current,192817.85,699.0,No Loan,0.0,0.0,No Loan,7,10,3643.55,2026-07-28,Medium Risk
CUST00155,31,Female,49094.0,Punjab,Salary Account,75088.12,502.0,Home Loan,1880575.62,9.21,Pending,2,9,3474.98,2026-07-04,High Risk
CUST00156,36,Male,51918.5,Punjab,Savings,271766.9,603.0,No Loan,0.0,0.0,No Loan,2,14,5501.45,2026-07-10,Medium Risk
CUST00157,26,Female,20000.0,Punjab,Savings,53518.58,592.0,Home Loan,1719860.46,8.76,Approved,2,12,1965.05,2026-07-17,Medium Risk
CUST00158,46,Male,77051.0,Sindh,Current,121022.7,704.0,Education Loan,205814.32,8.73,Rejected,8,7,4959.29,2026-08-01,High Risk
CUST00159,48,Male,47444.0,Sindh,Savings,89359.25,650.0,No Loan,0.0,0.0,No Loan,0,17,2160.41,2026-07-10,Medium Risk
CUST00160,54,Male,63304.0,Punjab,Savings,133220.59,645.0,Education Loan,1415231.99,19.1,Closed,3,21,5268.75,2026-07-10,Medium Risk
CUST00161,29,Male,28254.0,Punjab,Current,75689.57,643.0,No Loan,0.0,0.0,No Loan,5,11,954.5,2026-07-01,Medium Risk
CUST00162,21,Female,27025.0,Islamabad Capital Territory,Fixed Deposit,0.0,573.0,Education Loan,803896.39,11.77,Rejected,5,6,2480.65,2026-08-03,High Risk
CUST00163,63,Female,36638.0,Sindh,Savings,13488.12,633.0,Business Loan,4906903.02,19.21,Closed,1,21,660.86,2026-07-10,Medium Risk
CUST00164,42,Male,40884.0,Sindh,Salary Account,50855.77,666.0,No Loan,0.0,0.0,No Loan,0,12,2059.86,2026-08-20,Medium Risk
CUST00165,53,Male,101382.0,Punjab,Current,308623.55,677.0,Home Loan,4634660.64,11.59,Rejected,1,10,4116.02,2026-08-17,High Risk
CUST00166,40,Male,55906.0,Khyber Pakhtunkhwa,Savings,70878.04,692.0,No Loan,0.0,0.0,No Loan,0,15,2592.67,2026-07-01,Medium Risk
CUST00167,39,Male,58960.0,Gilgit-Baltistan,Current,82992.64,696.0,Home Loan,3300323.81,11.75,Approved,12,7,2468.02,2026-07-11,Medium Risk
CUST00168,45,Female,23893.0,Sindh,Current,99094.07,580.0,No Loan,0.0,0.0,No Loan,14,17,558.95,2026-08-06,Medium Risk
CUST00169,32,Female,20000.0,Punjab,Current,31898.39,600.0,Personal Loan,122131.24,21.2,Rejected,2,10,1272.09,2026-07-09,High Risk
CUST00170,51,Male,72336.0,Punjab,Savings,83747.97,682.0,Home Loan,2636425.4,9.24,Closed,1,10,2911.92,2026-07-04,Medium Risk
CUST00171,51,Male,90113.0,Balochistan,Savings,194401.93,611.0,No Loan,0.0,0.0,No Loan,1,11,3428.78,2026-08-22,Medium Risk
CUST00172,54,Female,58239.0,Sindh,Fixed Deposit,69881.72,681.0,No Loan,0.0,0.0,No Loan,0,9,4544.5,2026-07-31,Medium Risk
CUST00173,48,Male,86084.0,Punjab,Current,222482.24,656.0,No Loan,0.0,0.0,No Loan,5,14,4700.31,2026-07-25,Medium Risk
CUST00174,42,Female,48234.0,Balochistan,Savings,98734.8,671.0,No Loan,0.0,0.0,No Loan,4,19,3163.12,2026-08-13,Medium Risk
CUST00175,42,Male,45431.0,Khyber Pakhtunkhwa,Savings,0.0,622.0,No Loan,0.0,0.0,No Loan,8,12,1836.47,2026-08-14,Medium Risk
CUST00176,26,Male,49014.0,Khyber Pakhtunkhwa,Savings,151550.71,710.0,No Loan,0.0,0.0,No Loan,0,14,2706.8,2026-07-08,Low Risk
CUST00177,24,Male,20000.0,Punjab,Current,27090.86,714.0,Business Loan,1464503.71,14.34,Approved,2,5,1064.01,2026-07-02,Low Risk
CUST00178,43,Female,30363.0,Punjab,Fixed Deposit,33863.53,578.0,Education Loan,119903.77,15.5,Approved,17,7,936.91,2026-07-22,High Risk
CUST00179,29,Female,85738.0,Punjab,Savings,97240.85,570.0,Personal Loan,991998.97,21.58,Rejected,0,10,7156.47,2026-07-22,High Risk
CUST00180,53,Female,101747.0,Sindh,Savings,198984.04,738.0,No Loan,0.0,0.0,No Loan,0,9,5639.83,2026-07-25,Low Risk
CUST00181,26,Female,81984.0,Punjab,Current,137067.75,650.0,Business Loan,983276.0,17.58,Closed,0,18,3383.05,2026-08-09,Medium Risk
CUST00182,18,Female,30395.0,Sindh,Current,39625.94,594.0,Business Loan,3706679.6,8.69,Approved,1,9,1679.92,2026-08-06,Medium Risk
CUST00183,57,Male,51918.5,Sindh,Current,71625.11,691.0,No Loan,0.0,0.0,No Loan,3,8,4668.24,2026-08-25,Medium Risk
CUST00184,47,Male,60173.0,Islamabad Capital Territory,Current,124821.91,606.0,No Loan,0.0,0.0,No Loan,5,15,1346.62,2026-07-02,Medium Risk
CUST00185,46,Female,38166.0,Sindh,Savings,95332.93,693.0,Personal Loan,465548.2,15.29,Approved,3,18,1531.89,2026-07-21,Medium Risk
CUST00186,54,Female,55719.0,Punjab,Savings,50346.82,702.0,No Loan,0.0,0.0,No Loan,5,7,3164.9,2026-07-17,Low Risk
CUST00187,38,Male,20000.0,Sindh,Savings,39583.9,661.0,Business Loan,4766434.33,12.91,Approved,3,7,1070.08,2026-08-17,Medium Risk
CUST00188,72,Male,105241.0,Balochistan,Salary Account,372841.92,812.0,Car Loan,285294.82,17.87,Approved,0,8,2881.73,2026-07-11,Low Risk
CUST00189,38,Female,97615.0,Punjab,Savings,20710.14,592.0,Personal Loan,788452.36,16.7,Approved,0,11,6874.8,2026-07-08,Medium Risk
CUST00190,62,Male,116342.0,Khyber Pakhtunkhwa,Fixed Deposit,0.0,531.0,No Loan,0.0,0.0,No Loan,4,12,5824.95,2026-07-23,High Risk
CUST00191,32,Female,27063.0,Punjab,Current,44683.93,615.0,Car Loan,640522.06,8.74,Pending,0,12,2145.65,2026-07-22,Medium Risk
CUST00192,48,Male,97112.0,Balochistan,Fixed Deposit,219846.2,738.0,Personal Loan,1285361.55,20.41,Approved,0,11,3640.38,2026-07-13,Low Risk
CUST00193,33,Female,71517.0,Sindh,Salary Account,30725.59,664.0,Business Loan,2195687.55,21.96,Rejected,1,9,2682.82,2026-07-11,High Risk
CUST00194,34,Male,51918.5,Sindh,Fixed Deposit,36163.87,702.0,Personal Loan,1210652.07,18.93,Approved,0,15,2540.5,2026-08-21,Low Risk
CUST00195,46,Female,79201.0,Sindh,Savings,281221.85,704.0,Personal Loan,1337806.09,18.62,Closed,7,13,4262.02,2026-07-23,Low Risk
CUST00196,48,Female,63690.0,Khyber Pakhtunkhwa,Savings,38171.29,590.0,Home Loan,4543800.64,15.35,Approved,0,14,2184.87,2026-08-17,Medium Risk
CUST00197,50,Female,83319.0,Punjab,Current,125823.07,699.0,Personal Loan,302571.35,17.88,Approved,4,9,5086.29,2026-07-30,Medium Risk
CUST00198,44,Female,37464.0,Sindh,Savings,79644.16,661.0,Car Loan,498080.47,20.62,Closed,1,9,700.72,2026-06-30,Medium Risk
CUST00199,50,Male,48118.0,Balochistan,Salary Account,167612.2,634.0,Home Loan,3929504.34,16.14,Approved,5,9,3004.56,2026-08-25,Medium Risk
CUST00200,52,Female,97585.0,Sindh,Salary Account,347822.44,683.0,No Loan,0.0,0.0,No Loan,2,14,4925.9,2026-08-16,Medium Risk
CUST00201,45,Male,66378.0,Islamabad Capital Territory,Savings,176540.6,708.0,Personal Loan,693051.23,17.61,Approved,2,19,5924.35,2026-08-24,Low Risk
CUST00202,37,Female,20007.0,Punjab,Current,60648.69,662.0,Car Loan,1259303.28,10.79,Approved,7,13,648.3,2026-08-21,Medium Risk
CUST00203,25,Female,114948.0,Punjab,Savings,310047.74,657.0,Car Loan,545288.5,9.2,Approved,2,6,3148.16,2026-08-16,Medium Risk
CUST00204,44,Female,57038.0,Khyber Pakhtunkhwa,Savings,194795.06,665.0,No Loan,0.0,0.0,No Loan,3,16,3787.72,2026-07-06,Medium Risk
CUST00205,41,Male,65311.0,Islamabad Capital Territory,Savings,115026.03,560.0,Personal Loan,267886.81,10.49,Closed,7,9,1693.9,2026-07-26,High Risk
CUST00206,24,Male,27661.0,Punjab,Current,11863.94,661.0,Home Loan,4330061.66,10.59,Approved,3,10,1074.67,2026-07-09,Medium Risk
CUST00207,39,Female,28624.0,Sindh,Savings,75460.38,527.0,Home Loan,1566994.17,19.6,Approved,2,11,2480.3,2026-07-21,High Risk
CUST00208,46,Female,53246.0,Sindh,Fixed Deposit,232473.32,632.0,Home Loan,3721125.19,15.15,Rejected,9,10,3562.33,2026-06-30,High Risk
CUST00209,30,Male,20000.0,Khyber Pakhtunkhwa,Savings,42790.71,722.0,Car Loan,360143.55,15.96,Approved,5,8,764.45,2026-07-19,Low Risk
CUST00210,26,Male,50649.0,Punjab,Salary Account,186365.53,572.0,Business Loan,1868584.11,9.67,Rejected,9,15,2755.85,2026-08-25,High Risk
CUST00211,28,Female,25079.0,Islamabad Capital Territory,Savings,42352.77,700.0,No Loan,0.0,0.0,No Loan,0,11,1238.37,2026-07-12,Low Risk
CUST00212,26,Female,23195.0,Islamabad Capital Territory,Current,40953.13,588.0,Home Loan,3004707.92,21.99,Pending,2,16,1372.07,2026-08-13,Medium Risk
CUST00213,29,Male,20000.0,Sindh,Current,78825.09,850.0,Personal Loan,835716.74,14.42,Pending,0,9,772.07,2026-07-24,Low Risk
CUST00214,40,Female,36035.0,Punjab,Fixed Deposit,57627.1,605.0,No Loan,0.0,0.0,No Loan,1,14,2060.09,2026-07-22,Medium Risk
CUST00215,29,Female,39044.0,Punjab,Fixed Deposit,77196.18,678.0,Personal Loan,1443008.64,17.52,Closed,1,13,2630.91,2026-08-23,Medium Risk
CUST00216,31,Female,53883.0,Punjab,Savings,222992.72,695.0,No Loan,0.0,0.0,No Loan,1,10,4281.19,2026-08-25,Medium Risk
CUST00217,27,Male,20000.0,Balochistan,Salary Account,29406.11,612.0,Personal Loan,260930.66,16.54,Approved,17,11,925.24,2026-07-30,Medium Risk
CUST00218,18,Female,50618.0,Sindh,Salary Account,190775.74,577.0,Business Loan,4483036.1,20.77,Approved,5,9,4299.86,2026-08-09,High Risk
CUST00219,26,Male,20000.0,Balochistan,Savings,43238.78,639.0,Personal Loan,902201.29,14.36,Approved,0,12,1505.48,2026-07-06,Medium Risk
CUST00220,26,Female,87335.0,Islamabad Capital Territory,Savings,178925.5,649.0,Home Loan,637610.02,21.74,Approved,0,13,4529.84,2026-07-14,Medium Risk
CUST00221,42,Male,110819.0,Punjab,Savings,294224.25,667.0,No Loan,0.0,0.0,No Loan,20,11,4624.24,2026-08-24,Medium Risk
CUST00222,59,Male,43789.0,Sindh,Savings,162414.69,645.0,Home Loan,4038286.9,12.93,Approved,0,12,3350.56,2026-07-31,Medium Risk
CUST00223,30,Female,20000.0,Balochistan,Fixed Deposit,18225.36,601.0,No Loan,0.0,0.0,No Loan,0,12,100.0,2026-07-29,Medium Risk
CUST00224,29,Male,47214.0,Sindh,Fixed Deposit,36176.8,580.0,No Loan,0.0,0.0,No Loan,13,14,2165.6,2026-08-10,Medium Risk
CUST00225,18,Male,58595.0,Balochistan,Fixed Deposit,114586.73,595.0,Home Loan,2095203.96,17.62,Rejected,0,11,3301.77,2026-06-30,High Risk
CUST00226,33,Male,20000.0,Islamabad Capital Territory,Current,23274.09,731.0,No Loan,0.0,0.0,No Loan,1,18,1007.36,2026-08-01,Low Risk
CUST00227,54,Female,59160.0,Sindh,Current,141225.59,689.0,Business Loan,2724467.83,19.9,Approved,2,18,2891.04,2026-07-27,Medium Risk
CUST00228,51,Male,86423.0,Punjab,Savings,49234.94,663.0,No Loan,0.0,0.0,No Loan,2,19,5046.43,2026-08-17,Medium Risk
CUST00229,37,Female,44390.0,Sindh,Current,12197.74,675.0,Car Loan,637446.26,10.66,Approved,2,6,3150.54,2026-07-06,Medium Risk
CUST00230,56,Male,66258.0,Islamabad Capital Territory,Salary Account,113636.45,546.0,Car Loan,36727.75,19.13,Rejected,0,13,5059.86,2026-08-23,High Risk
CUST00231,18,Female,38523.0,Khyber Pakhtunkhwa,Savings,157491.15,500.0,Home Loan,4170199.52,19.38,Rejected,1,6,2574.86,2026-07-01,High Risk
CUST00232,32,Male,63733.0,Punjab,Current,105787.7,585.0,Personal Loan,866553.9,19.37,Pending,0,8,1107.33,2026-07-08,Medium Risk
CUST00233,57,Male,55173.0,Punjab,Savings,97240.85,692.0,No Loan,0.0,0.0,No Loan,1,10,1140.11,2026-08-01,Medium Risk
CUST00234,30,Female,57312.0,Balochistan,Savings,87894.12,596.0,No Loan,0.0,0.0,No Loan,1,14,4390.76,2026-08-06,Medium Risk
CUST00235,33,Female,20000.0,Sindh,Savings,47051.17,513.0,No Loan,0.0,0.0,No Loan,1,16,619.07,2026-07-11,High Risk
CUST00236,28,Female,56658.0,Punjab,Savings,211275.83,696.0,Car Loan,899477.9,16.64,Rejected,4,11,3344.21,2026-07-04,High Risk
CUST00237,45,Female,36468.0,Punjab,Current,118763.49,581.0,No Loan,0.0,0.0,No Loan,0,15,2391.83,2026-08-19,Medium Risk
CUST00238,36,Male,43680.0,Punjab,Savings,25604.95,575.0,Personal Loan,457979.4,17.46,Closed,0,17,3853.82,2026-07-11,High Risk
CUST00239,27,Female,40812.0,Punjab,Current,65583.01,680.0,Car Loan,454163.06,15.59,Rejected,11,15,2340.67,2026-08-01,High Risk
CUST00240,38,Male,70316.0,Sindh,Current,0.0,599.0,No Loan,0.0,0.0,No Loan,4,10,5165.07,2026-08-03,Medium Risk
CUST00241,27,Male,47978.0,Punjab,Fixed Deposit,132958.36,718.0,Personal Loan,819643.12,19.99,Closed,4,12,333.56,2026-07-22,Low Risk
CUST00242,47,Female,30077.0,Punjab,Savings,16262.79,723.0,No Loan,0.0,0.0,No Loan,27,13,100.0,2026-08-01,Low Risk
CUST00243,27,Male,20000.0,Khyber Pakhtunkhwa,Current,35452.29,567.0,Car Loan,1046264.75,17.96,Pending,10,12,527.25,2026-07-28,High Risk
CUST00244,42,Male,47311.0,Sindh,Fixed Deposit,15035.63,641.0,Car Loan,147327.59,9.27,Approved,4,12,1436.07,2026-08-22,Medium Risk
CUST00245,60,Female,79913.0,Punjab,Savings,275112.66,704.0,Car Loan,709948.75,11.06,Approved,4,14,2453.8,2026-07-09,Low Risk
CUST00246,56,Female,20000.0,Islamabad Capital Territory,Savings,6646.91,663.0,Personal Loan,522171.8,15.33,Approved,5,10,1030.86,2026-08-08,Medium Risk
CUST00247,34,Male,73198.0,Punjab,Current,130598.2,664.0,No Loan,0.0,0.0,No Loan,14,8,5784.0,2026-07-11,Medium Risk
CUST00248,58,Male,57165.0,Punjab,Savings,165177.44,787.0,No Loan,0.0,0.0,No Loan,4,10,4219.4,2026-07-20,Low Risk
CUST00249,38,Male,34207.0,Islamabad Capital Territory,Savings,51315.76,631.0,Car Loan,139310.8,21.18,Pending,4,16,3264.34,2026-08-06,Medium Risk
CUST00250,32,Female,29131.0,Gilgit-Baltistan,Savings,116882.08,656.0,Education Loan,1014931.02,15.0,Pending,15,10,100.0,2026-07-14,Medium Risk
CUST00251,21,Male,71832.0,Punjab,Current,97240.85,614.0,Personal Loan,1234321.63,19.66,Rejected,2,15,4229.75,2026-07-15,High Risk
CUST00252,50,Female,30360.0,Gilgit-Baltistan,Current,105992.31,674.0,Personal Loan,108188.9,16.66,Pending,3,9,743.03,2026-08-11,Medium Risk
CUST00253,22,Male,29545.0,Punjab,Savings,52875.13,592.0,Home Loan,1944781.3,19.83,Approved,3,5,2479.25,2026-07-01,Medium Risk
CUST00254,59,Female,92874.0,Punjab,Savings,63957.99,686.0,No Loan,0.0,0.0,No Loan,0,19,2160.76,2026-07-24,Medium Risk
CUST00255,18,Male,32990.0,Punjab,Salary Account,111638.41,499.0,Personal Loan,1012242.81,17.16,Rejected,3,11,982.71,2026-08-25,High Risk
CUST00256,30,Male,47159.0,Khyber Pakhtunkhwa,Savings,100435.72,618.0,Business Loan,3403851.74,15.88,Rejected,12,6,2156.62,2026-08-25,High Risk
CUST00257,43,Male,51292.0,Balochistan,Savings,105617.99,643.0,Business Loan,1704253.94,18.37,Approved,4,16,1748.49,2026-07-01,Medium Risk
CUST00258,42,Male,20000.0,Sindh,Salary Account,30505.92,573.0,Personal Loan,1424924.2,20.37,Closed,23,9,1651.67,2026-07-09,High Risk
CUST00259,18,Female,20000.0,Punjab,Current,49257.23,544.0,Car Loan,330958.65,18.52,Approved,2,15,1351.77,2026-07-12,High Risk
CUST00260,24,Female,53623.0,Sindh,Current,74008.88,606.0,Car Loan,446513.1,8.59,Rejected,1,15,999.68,2026-08-21,High Risk
CUST00261,26,Female,38053.0,Sindh,Current,91516.41,635.0,Personal Loan,1295264.03,16.29,Closed,4,16,2146.79,2026-08-18,Medium Risk
CUST00262,39,Female,40895.0,Punjab,Savings,48151.72,767.0,Car Loan,140730.89,9.69,Approved,3,9,3133.65,2026-08-18,Low Risk
CUST00263,53,Male,101564.0,Khyber Pakhtunkhwa,Salary Account,174923.86,588.0,No Loan,0.0,0.0,No Loan,5,14,5761.0,2026-07-19,Medium Risk
CUST00264,34,Male,37353.0,Balochistan,Current,100077.14,682.0,No Loan,0.0,0.0,No Loan,1,11,1276.8,2026-07-06,Medium Risk
CUST00265,43,Female,64688.0,Punjab,Fixed Deposit,173855.69,636.0,No Loan,0.0,0.0,No Loan,6,13,675.05,2026-08-16,Medium Risk
CUST00266,37,Male,85056.0,Punjab,Savings,155152.19,696.0,No Loan,0.0,0.0,No Loan,2,16,3173.8,2026-08-08,Medium Risk
CUST00267,18,Female,20000.0,Punjab,Current,9520.94,552.0,No Loan,0.0,0.0,No Loan,10,10,1163.22,2026-08-02,High Risk
CUST00268,43,Male,68287.0,Khyber Pakhtunkhwa,Savings,158624.59,665.0,Home Loan,4021860.35,20.13,Approved,15,10,6436.09,2026-08-25,Medium Risk
CUST00269,46,Female,52943.0,Punjab,Fixed Deposit,97240.85,698.0,No Loan,0.0,0.0,No Loan,0,12,1461.71,2026-08-05,Medium Risk
CUST00270,32,Female,51918.5,Khyber Pakhtunkhwa,Current,54417.91,702.0,No Loan,0.0,0.0,No Loan,6,7,939.31,2026-06-27,Low Risk
CUST00271,25,Female,73569.0,Islamabad Capital Territory,Fixed Deposit,100100.24,635.0,Education Loan,1025160.6,17.02,Approved,1,19,2906.61,2026-08-15,Medium Risk
CUST00272,53,Male,72597.0,Azad Kashmir,Savings,117468.31,679.0,Business Loan,2552327.92,15.35,Approved,20,9,533.45,2026-07-14,Medium Risk
CUST00273,18,Female,73646.0,Sindh,Fixed Deposit,105566.46,710.0,Home Loan,1320403.68,18.65,Approved,1,11,3007.93,2026-08-05,Low Risk
CUST00274,35,Male,20000.0,Punjab,Salary Account,64985.2,584.0,Personal Loan,1091563.2,21.04,Approved,0,12,1208.51,2026-08-22,Medium Risk
CUST00275,54,Male,93386.0,Punjab,Savings,430189.83,646.0,Home Loan,3394154.53,15.37,Closed,10,15,5090.96,2026-07-05,Medium Risk
CUST00276,37,Female,60010.0,Punjab,Savings,97866.55,688.0,Business Loan,52959.8,12.66,Approved,1,5,2336.88,2026-07-03,Medium Risk
CUST00277,29,Male,20000.0,Punjab,Salary Account,52615.05,619.0,Education Loan,109135.88,12.52,Approved,1,8,1126.54,2026-07-03,Medium Risk
CUST00278,26,Male,51725.0,Sindh,Savings,186735.4,674.0,Business Loan,115482.62,15.41,Pending,13,17,2159.61,2026-07-30,Medium Risk
CUST00279,26,Male,20000.0,Punjab,Current,12263.71,653.0,Car Loan,1198732.03,18.48,Rejected,0,12,494.2,2026-07-13,High Risk
CUST00280,18,Male,26646.0,Punjab,Savings,55392.15,598.0,No Loan,0.0,0.0,No Loan,2,15,1475.81,2026-08-02,Medium Risk
CUST00281,32,Female,38525.0,Islamabad Capital Territory,Salary Account,161692.77,664.0,Home Loan,1602830.47,17.08,Approved,0,13,1180.37,2026-08-09,Medium Risk
CUST00282,33,Male,28467.0,Sindh,Current,68997.84,696.0,Home Loan,4014646.67,10.93,Approved,10,10,1159.78,2026-07-09,Medium Risk
CUST00283,23,Male,64676.0,Punjab,Current,63435.4,632.0,Personal Loan,152844.06,20.8,Approved,3,7,3647.11,2026-08-04,Medium Risk
CUST00284,56,Female,114231.0,Punjab,Savings,561424.88,619.0,No Loan,0.0,0.0,No Loan,2,4,2337.34,2026-07-12,Medium Risk
CUST00285,45,Male,41582.0,Islamabad Capital Territory,Savings,69251.71,675.0,Home Loan,4552264.94,16.18,Pending,8,10,1752.22,2026-07-26,Medium Risk
CUST00286,49,Female,71191.0,Khyber Pakhtunkhwa,Fixed Deposit,266492.33,626.0,Car Loan,686518.57,18.61,Approved,5,8,3374.37,2026-08-20,Medium Risk
CUST00287,29,Male,20000.0,Khyber Pakhtunkhwa,Current,24247.85,657.0,Business Loan,2648994.23,18.05,Approved,2,7,1384.12,2026-08-16,Medium Risk
CUST00288,42,Male,70648.0,Sindh,Fixed Deposit,200202.31,659.0,Car Loan,121292.25,20.61,Approved,1,16,4081.07,2026-07-02,Medium Risk
CUST00289,50,Male,66218.0,Punjab,Salary Account,71335.69,683.0,Home Loan,869223.88,18.04,Rejected,5,8,3187.81,2026-07-22,High Risk
CUST00290,34,Male,59463.0,Sindh,Salary Account,205593.37,649.0,Personal Loan,1094605.58,10.14,Approved,3,13,3887.5,2026-07-13,Medium Risk
CUST00291,54,Male,35795.0,Gilgit-Baltistan,Fixed Deposit,142544.05,731.0,Car Loan,942601.76,16.63,Approved,3,10,2185.75,2026-06-27,Low Risk
CUST00292,30,Male,41227.0,Sindh,Savings,43521.17,517.0,No Loan,0.0,0.0,No Loan,12,12,2680.66,2026-08-12,High Risk
CUST00293,36,Female,37947.0,Punjab,Salary Account,51748.31,658.0,Personal Loan,1459242.86,15.49,Rejected,1,12,1526.78,2026-08-04,High Risk
CUST00294,44,Male,100584.0,Punjab,Current,93707.27,667.0,No Loan,0.0,0.0,No Loan,1,11,3864.19,2026-07-12,Medium Risk
CUST00295,57,Male,122897.0,Punjab,Savings,59310.64,674.0,No Loan,0.0,0.0,No Loan,16,13,8264.14,2026-08-10,Medium Risk
CUST00296,20,Male,72924.0,Punjab,Savings,268338.89,645.0,No Loan,0.0,0.0,No Loan,4,12,2641.47,2026-07-30,Medium Risk
CUST00297,39,Male,83818.0,Sindh,Savings,42238.17,685.0,No Loan,0.0,0.0,No Loan,0,13,6642.07,2026-07-22,Medium Risk
CUST00298,42,Male,67023.0,Islamabad Capital Territory,Current,92469.45,595.0,No Loan,0.0,0.0,No Loan,7,14,2502.8,2026-06-27,Medium Risk
CUST00299,35,Male,90895.0,Punjab,Current,41776.26,542.0,Education Loan,329464.1,10.26,Rejected,7,11,6928.32,2026-07-01,High Risk
CUST00300,34,Female,51193.0,Islamabad Capital Territory,Savings,152241.01,576.0,No Loan,0.0,0.0,No Loan,1,10,4014.05,2026-08-18,High Risk
CUST00301,44,Female,81480.0,Punjab,Savings,176421.76,715.0,No Loan,0.0,0.0,No Loan,2,15,3747.51,2026-08-20,Low Risk
CUST00302,39,Female,38293.0,Khyber Pakhtunkhwa,Savings,79709.08,736.0,Personal Loan,463895.51,14.9,Approved,2,11,1629.23,2026-07-29,Low Risk
CUST00303,57,Female,51918.5,Punjab,Fixed Deposit,184871.83,679.0,No Loan,0.0,0.0,No Loan,5,12,6350.05,2026-08-16,Medium Risk
CUST00304,56,Female,72331.0,Sindh,Savings,320856.15,633.0,No Loan,0.0,0.0,No Loan,3,11,3968.85,2026-07-31,Medium Risk
CUST00305,39,Male,86762.0,Punjab,Salary Account,187391.21,552.0,No Loan,0.0,0.0,No Loan,1,8,6049.7,2026-07-05,High Risk
CUST00306,28,Male,27065.0,Punjab,Salary Account,39427.11,626.0,Business Loan,2328759.1,18.08,Closed,0,7,1519.42,2026-07-04,Medium Risk
CUST00307,35,Male,22701.0,Sindh,Savings,17996.73,644.0,Car Loan,725935.42,13.75,Closed,11,10,100.0,2026-07-15,Medium Risk
CUST00308,43,Male,20000.0,Punjab,Savings,85961.43,638.0,Personal Loan,670553.15,15.39,Approved,1,6,749.47,2026-08-19,Medium Risk
CUST00309,35,Female,61151.0,Sindh,Salary Account,33289.94,681.0,Personal Loan,685916.64,17.85,Pending,26,10,132.14,2026-08-13,Medium Risk
CUST00310,47,Male,127588.0,Punjab,Current,371551.59,703.0,No Loan,0.0,0.0,No Loan,2,15,6401.23,2026-08-17,Low Risk
CUST00311,26,Male,20000.0,Khyber Pakhtunkhwa,Current,47162.03,676.0,No Loan,0.0,0.0,No Loan,1,9,1065.72,2026-08-19,Medium Risk
CUST00312,63,Male,85797.0,Islamabad Capital Territory,Savings,234049.29,688.0,No Loan,0.0,0.0,No Loan,2,6,6066.61,2026-07-09,Medium Risk
CUST00313,32,Male,60456.0,Gilgit-Baltistan,Salary Account,105584.48,628.0,No Loan,0.0,0.0,No Loan,2,10,1667.08,2026-07-11,Medium Risk
CUST00314,48,Female,26663.0,Punjab,Current,26983.72,601.0,No Loan,0.0,0.0,No Loan,2,11,817.71,2026-07-03,Medium Risk
CUST00315,46,Female,35839.0,Khyber Pakhtunkhwa,Current,20829.9,652.0,Car Loan,332235.44,19.86,Approved,9,12,2656.82,2026-08-12,Medium Risk
CUST00316,18,Male,20444.0,Punjab,Savings,32684.99,560.0,Home Loan,4883459.82,21.39,Pending,1,5,1309.82,2026-08-19,High Risk
CUST00317,55,Male,75217.0,Balochistan,Fixed Deposit,89893.07,732.0,Car Loan,34544.78,14.02,Approved,5,15,2864.96,2026-07-21,Low Risk
CUST00318,47,Male,88098.0,Azad Kashmir,Savings,296576.53,712.0,Business Loan,2862929.65,12.21,Approved,2,13,4756.28,2026-08-03,Low Risk
CUST00319,18,Male,27928.0,Punjab,Current,97240.85,522.0,Education Loan,1304199.1,18.05,Approved,7,15,1568.1,2026-07-06,High Risk
CUST00320,27,Female,87274.0,Sindh,Current,96997.07,616.0,Personal Loan,827233.37,10.3,Rejected,7,8,4753.41,2026-08-21,High Risk
CUST00321,37,Male,79148.0,Sindh,Savings,225730.89,668.0,No Loan,0.0,0.0,No Loan,0,7,2995.8,2026-08-17,Medium Risk
CUST00322,32,Male,61197.0,Sindh,Fixed Deposit,178175.95,666.0,Car Loan,524623.72,21.97,Approved,1,18,2407.83,2026-08-24,Medium Risk
CUST00323,46,Female,76383.0,Azad Kashmir,Salary Account,74253.54,725.0,No Loan,0.0,0.0,No Loan,0,18,3643.13,2026-08-14,Low Risk
CUST00324,32,Female,37476.0,Punjab,Savings,114892.52,646.0,Car Loan,117761.86,21.63,Approved,3,10,2330.19,2026-08-18,Medium Risk
CUST00325,25,Female,61414.0,Punjab,Savings,174755.21,614.0,No Loan,0.0,0.0,No Loan,11,11,3349.13,2026-06-28,Medium Risk
CUST00326,30,Female,32742.0,Balochistan,Salary Account,19470.08,549.0,Business Loan,4111512.15,18.76,Approved,9,11,1783.23,2026-08-10,High Risk
CUST00327,39,Male,47220.0,Sindh,Savings,81862.89,660.0,Personal Loan,867700.01,19.56,Approved,2,13,3483.51,2026-07-16,Medium Risk
CUST00328,59,Female,52765.0,Punjab,Savings,66984.64,706.0,No Loan,0.0,0.0,No Loan,4,8,3079.03,2026-08-21,Low Risk
CUST00329,59,Female,110280.0,Khyber Pakhtunkhwa,Fixed Deposit,351795.3,730.0,No Loan,0.0,0.0,No Loan,1,20,2879.36,2026-08-14,Low Risk
CUST00330,40,Female,43053.0,Sindh,Salary Account,39353.04,666.0,Business Loan,775742.06,17.22,Approved,0,14,1655.03,2026-08-17,Medium Risk
CUST00331,30,Female,20000.0,Punjab,Salary Account,20869.64,543.0,Personal Loan,1374629.11,12.09,Closed,0,14,764.36,2026-08-14,High Risk
CUST00332,25,Male,72364.0,Punjab,Savings,186330.93,619.0,No Loan,0.0,0.0,No Loan,3,14,5173.06,2026-07-13,Medium Risk
CUST00333,48,Female,51918.5,Sindh,Fixed Deposit,266925.54,602.0,No Loan,0.0,0.0,No Loan,19,9,3435.84,2026-08-13,Medium Risk
CUST00334,33,Female,86088.0,Sindh,Savings,77743.86,681.0,Personal Loan,416635.95,20.81,Rejected,6,9,5310.45,2026-07-03,High Risk
CUST00335,54,Male,37546.0,Punjab,Fixed Deposit,29567.99,748.0,Personal Loan,45030.94,20.78,Approved,8,9,2967.72,2026-08-18,Low Risk
CUST00336,37,Male,40134.0,Punjab,Savings,117640.0,593.0,Education Loan,951931.72,14.12,Approved,21,16,1828.88,2026-08-17,Medium Risk
CUST00337,45,Male,65816.0,Sindh,Fixed Deposit,169236.69,710.0,Home Loan,3204645.67,9.45,Approved,3,16,3846.0,2026-07-10,Low Risk
CUST00338,52,Female,114047.0,Sindh,Savings,30403.19,662.0,Car Loan,493623.85,15.33,Approved,16,11,6818.31,2026-08-14,Medium Risk
CUST00339,22,Male,91648.0,Sindh,Savings,160620.91,760.0,No Loan,0.0,0.0,No Loan,1,16,3359.47,2026-07-24,Low Risk
CUST00340,28,Female,34323.0,Punjab,Salary Account,118167.86,590.0,Car Loan,550938.92,21.94,Rejected,3,15,100.0,2026-07-15,High Risk
CUST00341,34,Female,115154.0,Punjab,Current,142336.92,712.0,No Loan,0.0,0.0,No Loan,3,13,5031.55,2026-08-13,Low Risk
CUST00342,25,Male,20000.0,Khyber Pakhtunkhwa,Savings,42590.81,665.0,No Loan,0.0,0.0,No Loan,2,12,936.9,2026-07-10,Medium Risk
CUST00343,22,Female,58738.0,Sindh,Savings,242033.37,577.0,Car Loan,1169695.62,17.59,Rejected,11,6,4665.01,2026-06-28,High Risk
CUST00344,28,Female,25141.0,Punjab,Savings,23838.56,621.0,Personal Loan,1026771.02,19.64,Approved,0,15,1379.28,2026-07-08,Medium Risk
CUST00345,19,Male,55186.0,Punjab,Fixed Deposit,200157.14,629.0,Business Loan,2445192.46,20.62,Closed,0,15,3211.42,2026-07-16,Medium Risk
CUST00346,41,Male,60760.0,Sindh,Current,0.0,694.0,No Loan,0.0,0.0,No Loan,8,12,3173.86,2026-08-17,Medium Risk
CUST00347,37,Male,102721.0,Khyber Pakhtunkhwa,Current,51337.41,698.0,No Loan,0.0,0.0,No Loan,4,12,2331.72,2026-08-24,Medium Risk
CUST00348,45,Female,20000.0,Khyber Pakhtunkhwa,Savings,49570.62,580.0,Business Loan,4287960.43,9.84,Approved,1,17,1039.13,2026-07-13,Medium Risk
CUST00349,40,Female,36100.0,Punjab,Fixed Deposit,24653.31,678.0,No Loan,0.0,0.0,No Loan,10,13,950.83,2026-08-04,Medium Risk
CUST00350,33,Female,37893.0,Sindh,Fixed Deposit,148135.18,674.0,Home Loan,4248605.49,15.16,Rejected,3,11,1909.34,2026-07-20,High Risk
CUST00351,18,Male,40466.0,Khyber Pakhtunkhwa,Current,62170.23,605.0,No Loan,0.0,0.0,No Loan,1,8,2416.78,2026-08-24,Medium Risk
CUST00352,18,Male,20000.0,Gilgit-Baltistan,Savings,7636.51,603.0,No Loan,0.0,0.0,No Loan,1,14,361.64,2026-07-29,Medium Risk
CUST00353,28,Male,70882.0,Sindh,Savings,230413.05,634.0,Car Loan,492453.44,20.73,Approved,0,12,3455.29,2026-08-22,Medium Risk
CUST00354,39,Female,20000.0,Khyber Pakhtunkhwa,Current,82563.45,681.0,Personal Loan,25799.19,21.99,Pending,7,12,525.47,2026-07-03,Medium Risk
CUST00355,26,Male,20000.0,Khyber Pakhtunkhwa,Current,22279.75,614.0,No Loan,0.0,0.0,No Loan,8,12,775.26,2026-08-24,Medium Risk
CUST00356,42,Male,117250.0,Gilgit-Baltistan,Current,266482.92,731.0,Business Loan,816190.87,12.57,Approved,2,9,8087.47,2026-07-07,Low Risk
CUST00357,30,Male,48172.0,Balochistan,Current,82964.49,653.0,Home Loan,2987807.26,11.34,Approved,17,15,3366.05,2026-08-23,Medium Risk
CUST00358,53,Female,76287.0,Punjab,Savings,277924.86,618.0,No Loan,0.0,0.0,No Loan,5,9,6270.06,2026-07-12,Medium Risk
CUST00359,36,Male,35164.0,Punjab,Savings,72541.22,671.0,Home Loan,1898098.15,10.54,Pending,6,8,1946.57,2026-07-03,Medium Risk
CUST00360,27,Male,74101.0,Islamabad Capital Territory,Current,13354.83,714.0,No Loan,0.0,0.0,No Loan,5,18,3148.35,2026-07-23,Low Risk
CUST00361,47,Male,85048.0,Sindh,Savings,260816.75,680.0,Personal Loan,519466.03,8.74,Approved,3,13,3470.36,2026-08-09,Medium Risk
CUST00362,43,Male,55403.0,Azad Kashmir,Fixed Deposit,130041.08,708.0,Education Loan,117126.61,15.92,Approved,5,9,1218.79,2026-07-15,Low Risk
CUST00363,42,Female,47392.0,Sindh,Fixed Deposit,149808.65,561.0,No Loan,0.0,0.0,No Loan,2,8,2252.69,2026-08-02,High Risk
CUST00364,40,Female,48235.0,Punjab,Fixed Deposit,96752.32,626.0,Business Loan,1942698.49,14.48,Approved,2,12,3813.22,2026-07-27,Medium Risk
CUST00365,61,Male,88856.0,Punjab,Savings,359810.57,773.0,No Loan,0.0,0.0,No Loan,0,13,711.99,2026-07-20,Low Risk
CUST00366,45,Male,51918.5,Punjab,Savings,73151.45,685.0,Car Loan,268990.14,11.06,Rejected,1,9,4542.3,2026-07-31,High Risk
CUST00367,33,Female,78695.0,Punjab,Savings,372162.82,699.0,Car Loan,75542.41,16.18,Closed,17,12,4179.22,2026-07-12,Medium Risk
CUST00368,41,Male,20000.0,Sindh,Current,48646.92,568.0,Business Loan,3336860.53,13.07,Closed,12,9,823.9,2026-08-08,High Risk
CUST00369,39,Female,77737.0,Sindh,Savings,190910.02,617.0,Car Loan,434055.06,16.13,Approved,2,15,661.56,2026-06-27,Medium Risk
CUST00370,36,Male,51918.5,Islamabad Capital Territory,Savings,247607.11,576.0,Education Loan,90716.42,13.26,Closed,2,8,1718.37,2026-08-21,High Risk
CUST00371,38,Male,59667.0,Sindh,Salary Account,91828.09,635.0,No Loan,0.0,0.0,No Loan,7,9,3223.03,2026-07-29,Medium Risk
CUST00372,38,Female,92592.0,Sindh,Current,87433.81,670.0,Personal Loan,1089802.02,8.94,Rejected,3,11,2649.51,2026-08-09,High Risk
CUST00373,42,Female,28569.0,Punjab,Savings,61711.51,567.0,No Loan,0.0,0.0,No Loan,1,16,990.28,2026-08-10,High Risk
CUST00374,37,Female,70453.0,Balochistan,Current,316099.96,677.0,Personal Loan,801703.03,10.21,Rejected,3,13,3806.79,2026-08-06,High Risk
CUST00375,44,Male,60889.0,Punjab,Savings,134578.23,701.0,Personal Loan,1449711.76,10.26,Approved,0,9,2711.11,2026-07-18,Low Risk
CUST00376,36,Male,66312.0,Islamabad Capital Territory,Salary Account,213826.4,674.0,Personal Loan,1271088.36,18.32,Closed,0,9,3917.16,2026-07-01,Medium Risk
CUST00377,31,Female,72050.0,Balochistan,Current,258916.46,638.0,No Loan,0.0,0.0,No Loan,10,12,4349.08,2026-08-05,Medium Risk
CUST00378,30,Female,43419.0,Punjab,Current,60020.15,625.0,Car Loan,886768.42,8.61,Pending,6,11,1189.53,2026-07-16,Medium Risk
CUST00379,25,Female,24557.0,Sindh,Savings,49642.48,732.0,Home Loan,2832448.87,8.58,Approved,10,6,1129.31,2026-07-15,Low Risk
CUST00380,41,Male,82393.0,Gilgit-Baltistan,Fixed Deposit,73552.6,606.0,Personal Loan,302771.97,19.17,Rejected,1,11,6972.38,2026-08-16,High Risk
CUST00381,29,Female,34480.0,Punjab,Salary Account,128486.88,681.0,Business Loan,2640266.93,10.08,Approved,3,19,1972.53,2026-08-09,Medium Risk
CUST00382,43,Male,38891.0,Punjab,Current,130686.4,627.0,Car Loan,1231173.75,10.82,Pending,5,13,1222.12,2026-07-15,Medium Risk
CUST00383,41,Male,35864.0,Sindh,Current,63585.18,688.0,Home Loan,3793962.47,19.22,Rejected,11,9,2380.92,2026-07-15,High Risk
CUST00384,42,Male,48777.0,Punjab,Savings,115639.16,596.0,Personal Loan,866980.05,14.47,Approved,6,10,1332.75,2026-07-21,Medium Risk
CUST00385,32,Male,25080.0,Balochistan,Savings,1340.67,671.0,Car Loan,990045.25,11.65,Closed,1,14,516.4,2026-07-21,Medium Risk
CUST00386,21,Male,50530.0,Balochistan,Current,129019.06,562.0,No Loan,0.0,0.0,No Loan,1,13,3904.33,2026-07-14,High Risk
CUST00387,32,Male,20000.0,Balochistan,Salary Account,55119.07,642.0,Personal Loan,1069172.01,19.62,Closed,2,6,696.41,2026-07-04,Medium Risk
CUST00388,25,Female,86082.0,Punjab,Savings,8255.91,564.0,No Loan,0.0,0.0,No Loan,2,8,3924.41,2026-07-22,High Risk
CUST00389,39,Female,31068.0,Islamabad Capital Territory,Current,115638.08,648.0,No Loan,0.0,0.0,No Loan,2,10,1218.64,2026-08-22,Medium Risk
CUST00390,33,Male,78636.0,Sindh,Salary Account,111054.34,609.0,Personal Loan,1193403.27,20.73,Closed,1,17,3148.65,2026-08-06,Medium Risk
CUST00391,41,Male,80473.0,Punjab,Savings,107886.71,761.0,No Loan,0.0,0.0,No Loan,0,10,806.52,2026-08-20,Low Risk
CUST00392,37,Female,62998.0,Sindh,Fixed Deposit,109602.44,552.0,Personal Loan,1443184.93,12.72,Approved,3,5,2009.7,2026-08-02,High Risk
CUST00393,18,Male,20000.0,Khyber Pakhtunkhwa,Fixed Deposit,27419.82,551.0,No Loan,0.0,0.0,No Loan,0,12,1172.65,2026-07-15,High Risk
CUST00394,45,Male,73555.0,Gilgit-Baltistan,Savings,246292.06,624.0,No Loan,0.0,0.0,No Loan,2,18,2766.0,2026-07-29,Medium Risk
CUST00395,32,Male,21046.0,Sindh,Savings,67825.47,495.0,Personal Loan,355602.75,21.08,Closed,7,13,1153.16,2026-06-27,High Risk
CUST00396,45,Male,63956.0,Punjab,Savings,46211.19,686.0,Personal Loan,937601.97,13.09,Closed,2,8,3314.32,2026-07-14,Medium Risk
CUST00397,47,Female,45541.0,Punjab,Savings,83979.76,575.0,Car Loan,701662.18,20.66,Closed,2,12,1574.63,2026-07-22,High Risk
CUST00398,18,Male,20000.0,Punjab,Savings,74067.47,615.0,Education Loan,316835.7,11.41,Approved,0,11,1473.59,2026-07-31,Medium Risk
CUST00399,45,Female,58952.0,Punjab,Savings,133212.99,658.0,Car Loan,1053144.41,17.11,Approved,0,11,2904.46,2026-08-05,Medium Risk
CUST00400,44,Male,60894.0,Punjab,Fixed Deposit,263591.64,632.0,Business Loan,725689.91,11.59,Closed,0,15,3196.63,2026-07-24,Medium Risk
CUST00401,44,Male,20000.0,Khyber Pakhtunkhwa,Fixed Deposit,53075.54,676.0,No Loan,0.0,0.0,No Loan,5,10,835.59,2026-07-23,Medium Risk
CUST00402,49,Female,31918.0,Sindh,Savings,59951.58,508.0,No Loan,0.0,0.0,No Loan,8,15,2616.94,2026-07-09,High Risk
CUST00403,45,Male,63947.0,Balochistan,Fixed Deposit,66224.71,645.0,Personal Loan,1421416.29,11.75,Rejected,0,18,4012.81,2026-07-25,High Risk
CUST00404,40,Male,45893.0,Punjab,Fixed Deposit,148649.77,568.0,Personal Loan,377041.62,11.31,Approved,8,10,915.23,2026-08-20,High Risk
CUST00405,32,Male,60343.0,Punjab,Savings,227766.8,645.0,No Loan,0.0,0.0,No Loan,7,13,1743.14,2026-08-13,Medium Risk
CUST00406,32,Female,62983.0,Sindh,Savings,164541.34,625.0,Car Loan,1180278.34,13.83,Rejected,0,18,1044.04,2026-07-07,High Risk
CUST00407,49,Female,66299.0,Sindh,Salary Account,110754.1,656.0,No Loan,0.0,0.0,No Loan,1,19,4757.23,2026-07-02,Medium Risk
CUST00408,45,Male,51683.0,Sindh,Savings,61331.98,589.0,No Loan,0.0,0.0,No Loan,0,12,560.93,2026-07-27,Medium Risk
CUST00409,47,Female,115703.0,Khyber Pakhtunkhwa,Savings,330413.4,517.0,No Loan,0.0,0.0,No Loan,0,14,4505.06,2026-08-03,High Risk
CUST00410,33,Male,53610.0,Punjab,Savings,151426.06,667.0,Personal Loan,1439355.78,16.78,Approved,0,17,2383.85,2026-07-17,Medium Risk
CUST00411,34,Female,68416.0,Punjab,Current,274215.34,757.0,No Loan,0.0,0.0,No Loan,0,12,2721.6,2026-08-15,Low Risk
CUST00412,18,Male,20000.0,Gilgit-Baltistan,Savings,30422.39,562.0,Car Loan,1302945.72,16.95,Rejected,0,19,1190.66,2026-08-11,High Risk
CUST00413,39,Female,52424.0,Khyber Pakhtunkhwa,Fixed Deposit,121050.35,585.0,No Loan,0.0,0.0,No Loan,0,12,3418.58,2026-08-06,Medium Risk
CUST00414,18,Female,74315.0,Khyber Pakhtunkhwa,Fixed Deposit,5274.71,638.0,Personal Loan,734860.89,20.47,Approved,6,7,5392.65,2026-07-10,Medium Risk
CUST00415,28,Female,58470.0,Sindh,Savings,133336.44,686.0,Education Loan,897000.91,13.63,Rejected,4,13,1381.1,2026-07-08,High Risk
CUST00416,37,Female,25693.0,Khyber Pakhtunkhwa,Salary Account,99610.23,574.0,Personal Loan,1402301.38,10.98,Approved,2,11,1109.0,2026-06-28,High Risk
CUST00417,30,Male,25464.0,Sindh,Savings,89030.02,659.0,No Loan,0.0,0.0,No Loan,12,19,1069.54,2026-07-11,Medium Risk
CUST00418,28,Female,37942.0,Sindh,Savings,90715.49,612.0,No Loan,0.0,0.0,No Loan,10,14,314.32,2026-07-25,Medium Risk
CUST00419,18,Female,36680.0,Punjab,Current,136339.11,601.0,No Loan,0.0,0.0,No Loan,12,10,1515.71,2026-08-16,Medium Risk
CUST00420,57,Male,90987.0,Punjab,Fixed Deposit,23702.68,647.0,Home Loan,1637525.22,21.51,Rejected,0,11,2338.72,2026-07-01,High Risk
CUST00421,39,Male,46851.0,Sindh,Current,40137.1,583.0,Car Loan,826424.9,12.33,Closed,9,14,2325.78,2026-07-21,Medium Risk
CUST00422,25,Male,20000.0,Sindh,Savings,38028.98,656.0,Business Loan,4173320.99,12.52,Pending,0,10,867.43,2026-08-03,Medium Risk
CUST00423,28,Male,91359.0,Gilgit-Baltistan,Savings,302080.58,649.0,Personal Loan,337555.93,18.47,Approved,4,9,4621.29,2026-07-08,Medium Risk
CUST00424,45,Male,83628.0,Sindh,Salary Account,104510.82,657.0,Personal Loan,693327.15,14.86,Pending,14,10,7429.92,2026-08-07,Medium Risk
CUST00425,21,Male,37812.0,Khyber Pakhtunkhwa,Salary Account,149653.38,615.0,No Loan,0.0,0.0,No Loan,3,12,148.06,2026-07-26,Medium Risk
CUST00426,32,Male,20000.0,Islamabad Capital Territory,Current,57614.52,639.0,Personal Loan,800420.13,13.94,Rejected,0,11,663.27,2026-07-11,High Risk
CUST00427,59,Female,94159.0,Punjab,Savings,340582.58,576.0,No Loan,0.0,0.0,No Loan,0,16,4262.67,2026-08-05,High Risk
CUST00428,35,Male,58241.0,Punjab,Savings,189293.2,532.0,Personal Loan,1011024.66,21.6,Rejected,4,11,4594.53,2026-06-27,High Risk
CUST00429,36,Male,51918.5,Sindh,Savings,106075.93,631.0,Car Loan,597757.14,14.11,Rejected,2,7,6313.48,2026-08-11,High Risk
CUST00430,51,Male,35219.0,Punjab,Savings,124996.5,603.0,Personal Loan,966109.07,9.51,Approved,5,10,1269.49,2026-08-12,Medium Risk
CUST00431,46,Male,31896.0,Punjab,Current,75471.2,548.0,No Loan,0.0,0.0,No Loan,30,13,1124.41,2026-07-03,High Risk
CUST00432,26,Male,57429.0,Punjab,Savings,99237.5,668.0,No Loan,0.0,0.0,No Loan,2,16,4027.76,2026-07-22,Medium Risk
CUST00433,18,Female,37824.0,Sindh,Current,17727.93,691.0,Personal Loan,670408.75,15.2,Approved,5,13,1713.48,2026-07-07,Medium Risk
CUST00434,26,Male,66815.0,Punjab,Savings,239254.02,685.0,Business Loan,669190.1,10.25,Rejected,14,11,1872.1,2026-08-23,High Risk
CUST00435,40,Female,33968.0,Balochistan,Savings,47171.28,645.0,Car Loan,545171.67,16.77,Rejected,3,13,1699.15,2026-07-28,High Risk
CUST00436,18,Female,54285.0,Punjab,Savings,120303.42,644.0,Personal Loan,1173706.89,11.91,Pending,6,19,2741.81,2026-06-30,Medium Risk
CUST00437,63,Female,69141.0,Sindh,Savings,204773.56,673.0,No Loan,0.0,0.0,No Loan,5,7,4806.29,2026-07-11,Medium Risk
CUST00438,37,Female,50082.0,Sindh,Savings,146387.69,742.0,No Loan,0.0,0.0,No Loan,6,14,3128.21,2026-08-16,Low Risk
CUST00439,38,Male,28090.0,Khyber Pakhtunkhwa,Savings,74686.25,635.0,Business Loan,3638318.1,20.58,Approved,23,9,843.65,2026-07-24,Medium Risk
CUST00440,43,Female,52877.0,Khyber Pakhtunkhwa,Savings,158994.2,581.0,Personal Loan,1354835.84,13.86,Approved,2,10,1976.62,2026-08-14,Medium Risk
CUST00441,50,Female,63682.0,Sindh,Savings,255139.43,668.0,No Loan,0.0,0.0,No Loan,2,17,6358.25,2026-08-06,Medium Risk
CUST00442,33,Male,45230.0,Sindh,Savings,19803.95,521.0,Personal Loan,263782.27,17.8,Rejected,1,10,1730.4,2026-08-25,High Risk
CUST00443,44,Male,79408.0,Khyber Pakhtunkhwa,Fixed Deposit,313173.71,640.0,Car Loan,1171259.0,15.25,Approved,1,13,3393.69,2026-08-01,Medium Risk
CUST00444,47,Female,89697.0,Sindh,Current,233425.13,671.0,No Loan,0.0,0.0,No Loan,3,15,5780.88,2026-08-23,Medium Risk
CUST00445,32,Male,60163.0,Sindh,Salary Account,224233.14,599.0,Personal Loan,1495091.25,18.64,Rejected,2,4,4871.57,2026-08-19,High Risk
CUST00446,40,Male,23979.0,Sindh,Savings,97240.85,647.0,Education Loan,27916.5,18.6,Closed,0,6,1179.61,2026-08-02,Medium Risk
CUST00447,56,Female,139140.0,Punjab,Savings,480312.92,654.0,No Loan,0.0,0.0,No Loan,1,14,3802.92,2026-08-09,Medium Risk
CUST00448,41,Female,51918.5,Sindh,Savings,105784.4,707.0,Car Loan,209718.35,14.24,Approved,6,17,1209.55,2026-07-27,Low Risk
CUST00449,34,Female,29892.0,Khyber Pakhtunkhwa,Current,68105.18,544.0,Car Loan,765755.42,18.07,Rejected,1,10,2146.19,2026-08-15,High Risk
CUST00450,30,Female,20000.0,Punjab,Salary Account,22506.68,624.0,Education Loan,56098.67,16.35,Rejected,1,11,1273.33,2026-07-29,High Risk
CUST00451,31,Female,30206.0,Punjab,Savings,39055.7,657.0,Personal Loan,350173.23,9.26,Approved,2,9,1596.95,2026-08-19,Medium Risk
CUST00452,47,Male,31934.0,Khyber Pakhtunkhwa,Current,83420.09,629.0,Personal Loan,316694.19,14.08,Approved,10,8,1876.71,2026-08-10,Medium Risk
CUST00453,25,Female,76585.0,Islamabad Capital Territory,Current,153761.89,605.0,No Loan,0.0,0.0,No Loan,4,16,5488.08,2026-07-25,Medium Risk
CUST00454,24,Female,36193.0,Sindh,Savings,13169.3,612.0,Personal Loan,33617.33,16.97,Approved,18,8,1550.33,2026-07-12,Medium Risk
CUST00455,38,Male,78347.0,Sindh,Current,129659.76,665.0,Home Loan,2770630.39,20.49,Approved,8,9,2517.14,2026-07-11,Medium Risk
CUST00456,18,Male,65539.0,Sindh,Current,228016.67,636.0,Business Loan,2906250.99,11.49,Approved,8,11,5741.05,2026-08-04,Medium Risk
CUST00457,49,Female,20000.0,Punjab,Savings,19576.48,656.0,Home Loan,3256793.34,18.11,Approved,0,19,758.04,2026-08-11,Medium Risk
CUST00458,42,Female,71430.0,Punjab,Savings,116416.43,814.0,Home Loan,1849396.56,17.15,Closed,0,11,4002.76,2026-07-28,Low Risk
CUST00459,40,Female,59922.0,Punjab,Salary Account,25240.73,658.0,No Loan,0.0,0.0,No Loan,3,8,2561.85,2026-08-03,Medium Risk
CUST00460,45,Male,122197.0,Punjab,Savings,28240.85,738.0,No Loan,0.0,0.0,No Loan,5,12,5661.32,2026-07-13,Low Risk
CUST00461,46,Female,86117.0,Khyber Pakhtunkhwa,Savings,61868.53,707.0,Business Loan,3930564.96,14.62,Rejected,9,14,2705.56,2026-07-01,High Risk
CUST00462,23,Male,20000.0,Sindh,Salary Account,10515.35,679.0,Education Loan,861338.86,13.41,Pending,1,14,1451.07,2026-07-14,Medium Risk
CUST00463,61,Female,61942.0,Punjab,Current,270388.63,629.0,Business Loan,2514452.44,19.86,Pending,2,9,2456.81,2026-07-13,Medium Risk
CUST00464,44,Male,47760.0,Sindh,Savings,68965.33,639.0,Business Loan,1765022.97,21.64,Closed,1,11,2468.33,2026-07-16,Medium Risk
CUST00465,48,Female,81597.0,Punjab,Savings,221183.02,602.0,No Loan,0.0,0.0,No Loan,1,19,690.12,2026-07-29,Medium Risk
CUST00466,34,Male,20000.0,Punjab,Fixed Deposit,77022.55,596.0,No Loan,0.0,0.0,No Loan,4,11,1273.28,2026-07-05,Medium Risk
CUST00467,32,Male,35296.0,Punjab,Current,96241.92,699.0,Education Loan,807810.46,20.72,Approved,1,11,1401.13,2026-07-10,Medium Risk
CUST00468,35,Female,20000.0,Sindh,Fixed Deposit,68315.5,510.0,No Loan,0.0,0.0,No Loan,5,11,998.48,2026-08-07,High Risk
CUST00469,28,Female,28879.0,Sindh,Savings,82773.71,579.0,Personal Loan,207865.37,21.1,Closed,1,15,1396.44,2026-08-08,High Risk
CUST00470,40,Female,52592.0,Gilgit-Baltistan,Current,62439.14,668.0,No Loan,0.0,0.0,No Loan,2,20,1914.17,2026-06-30,Medium Risk
CUST00471,34,Male,62903.0,Punjab,Current,195503.32,679.0,No Loan,0.0,0.0,No Loan,2,11,2354.25,2026-07-21,Medium Risk
CUST00472,18,Male,20000.0,Khyber Pakhtunkhwa,Savings,22136.56,649.0,Personal Loan,964377.23,12.39,Approved,6,3,1211.14,2026-07-29,Medium Risk
CUST00473,31,Male,30714.0,Islamabad Capital Territory,Current,50384.51,689.0,Personal Loan,579139.3,12.78,Rejected,1,13,1301.8,2026-07-21,High Risk
CUST00474,21,Female,71413.0,Punjab,Savings,9933.32,595.0,Business Loan,128398.45,16.03,Approved,3,13,2880.82,2026-07-09,Medium Risk
CUST00475,44,Male,70836.0,Punjab,Savings,282557.3,535.0,Personal Loan,892210.83,15.59,Rejected,3,15,3694.83,2026-07-22,High Risk
CUST00476,26,Female,53085.0,Punjab,Fixed Deposit,184847.05,635.0,Car Loan,339881.0,16.48,Closed,7,11,2274.08,2026-08-20,Medium Risk
CUST00477,37,Male,58016.0,Khyber Pakhtunkhwa,Savings,30777.05,732.0,No Loan,0.0,0.0,No Loan,5,10,3069.54,2026-08-01,Low Risk
CUST00478,28,Male,43708.0,Sindh,Savings,63060.98,613.0,Business Loan,2234307.97,8.74,Approved,3,6,2890.89,2026-08-07,Medium Risk
CUST00479,41,Female,84560.0,Sindh,Savings,258501.48,711.0,No Loan,0.0,0.0,No Loan,1,8,4701.61,2026-08-17,Low Risk
CUST00480,18,Male,20000.0,Punjab,Salary Account,77937.12,618.0,Car Loan,324989.19,14.46,Approved,8,16,1462.73,2026-08-11,Medium Risk
CUST00481,51,Female,81599.0,Sindh,Fixed Deposit,171983.8,708.0,Business Loan,4116809.57,15.99,Approved,3,16,7577.29,2026-07-19,Low Risk
CUST00482,31,Female,20000.0,Punjab,Savings,49369.11,608.0,Home Loan,2609748.4,18.81,Approved,7,13,1098.02,2026-06-27,Medium Risk
CUST00483,18,Male,20000.0,Khyber Pakhtunkhwa,Current,32126.34,582.0,Home Loan,2598891.17,10.8,Rejected,9,9,676.11,2026-07-18,High Risk
CUST00484,39,Female,78150.0,Khyber Pakhtunkhwa,Current,188984.54,704.0,Car Loan,692634.44,11.33,Approved,1,12,3904.82,2026-08-11,Low Risk
CUST00485,23,Male,32443.0,Punjab,Fixed Deposit,71435.65,654.0,Personal Loan,357531.49,8.66,Approved,1,10,1870.3,2026-08-17,Medium Risk
CUST00486,21,Male,25739.0,Punjab,Current,29624.5,572.0,No Loan,0.0,0.0,No Loan,2,8,942.34,2026-08-23,High Risk
CUST00487,44,Female,88320.0,Punjab,Current,124599.2,758.0,No Loan,0.0,0.0,No Loan,2,9,5942.61,2026-07-22,Low Risk
CUST00488,18,Male,20000.0,Punjab,Salary Account,42052.79,633.0,No Loan,0.0,0.0,No Loan,15,14,733.72,2026-08-10,Medium Risk
CUST00489,18,Male,32033.0,Punjab,Fixed Deposit,42610.96,621.0,Education Loan,1491546.22,16.0,Approved,1,11,1904.78,2026-07-29,Medium Risk
CUST00490,28,Male,61364.0,Punjab,Savings,176141.45,704.0,Personal Loan,1434759.82,20.96,Approved,9,11,4451.77,2026-08-02,Low Risk
CUST00491,51,Male,20000.0,Punjab,Savings,97240.85,721.0,No Loan,0.0,0.0,No Loan,0,13,214.68,2026-07-10,Low Risk
CUST00492,42,Male,56912.0,Islamabad Capital Territory,Current,191232.22,683.0,Car Loan,1208507.38,13.54,Approved,0,18,4082.16,2026-07-10,Medium Risk
CUST00493,18,Female,20000.0,Khyber Pakhtunkhwa,Savings,57708.85,649.0,Business Loan,3297923.15,20.41,Rejected,3,11,372.8,2026-07-23,High Risk
CUST00494,19,Male,47691.0,Punjab,Current,42610.51,602.0,Business Loan,4430825.86,11.49,Rejected,3,12,2213.33,2026-06-28,High Risk
CUST00495,36,Female,51308.0,Islamabad Capital Territory,Fixed Deposit,68647.46,668.0,Car Loan,639177.3,18.14,Closed,0,11,1439.83,2026-07-17,Medium Risk
CUST00496,46,Female,58216.0,Islamabad Capital Territory,Salary Account,79627.89,724.0,Car Loan,429997.66,20.14,Approved,5,14,2921.03,2026-08-06,Low Risk
CUST00497,18,Male,20000.0,Balochistan,Fixed Deposit,57383.1,713.0,No Loan,0.0,0.0,No Loan,2,9,100.0,2026-07-21,Low Risk
CUST00498,57,Male,83278.0,Punjab,Savings,141765.85,696.0,Home Loan,2708988.14,11.25,Approved,10,11,1775.94,2026-07-06,Medium Risk
CUST00499,72,Male,92017.0,Sindh,Fixed Deposit,137641.58,645.0,No Loan,0.0,0.0,No Loan,0,12,4282.76,2026-07-25,Medium Risk
CUST00500,31,Male,52933.0,Punjab,Savings,224517.87,665.0,Car Loan,487167.37,9.67,Approved,1,11,1400.98,2026-07-04,Medium Risk
CUST00501,37,Male,45111.0,Sindh,Salary Account,172689.95,581.0,No Loan,0.0,0.0,No Loan,8,10,2284.55,2026-08-03,Medium Risk
CUST00502,18,Female,20000.0,Khyber Pakhtunkhwa,Fixed Deposit,30321.71,569.0,No Loan,0.0,0.0,No Loan,9,12,1738.56,2026-06-28,High Risk
CUST00503,18,Female,28862.0,Khyber Pakhtunkhwa,Savings,59582.47,663.0,Personal Loan,546833.22,12.34,Approved,6,9,1551.04,2026-07-20,Medium Risk
CUST00504,36,Male,93895.0,Punjab,Savings,137216.55,725.0,Personal Loan,202887.29,9.86,Approved,1,9,11321.96,2026-07-30,Low Risk
CUST00505,32,Female,60336.0,Punjab,Savings,162603.69,649.0,Business Loan,3970207.02,10.22,Approved,0,9,470.82,2026-06-28,Medium Risk
CUST00506,53,Female,90333.0,Punjab,Savings,283705.06,735.0,Home Loan,2504306.39,18.39,Approved,5,17,2193.29,2026-08-04,Low Risk
CUST00507,31,Male,88454.0,Punjab,Savings,198141.95,595.0,No Loan,0.0,0.0,No Loan,1,11,3662.64,2026-07-05,Medium Risk
CUST00508,21,Female,65901.0,Khyber Pakhtunkhwa,Current,73020.09,533.0,Education Loan,208230.03,9.48,Closed,1,14,4478.79,2026-07-24,High Risk
CUST00509,27,Male,20000.0,Punjab,Fixed Deposit,72476.59,629.0,No Loan,0.0,0.0,No Loan,0,13,1199.55,2026-06-30,Medium Risk
CUST00510,32,Male,52551.0,Sindh,Savings,37774.69,638.0,Car Loan,733119.14,10.18,Approved,0,13,3496.12,2026-07-19,Medium Risk
CUST00511,40,Male,62981.0,Sindh,Savings,233875.63,534.0,No Loan,0.0,0.0,No Loan,2,18,2800.27,2026-07-09,High Risk
CUST00512,28,Male,52266.0,Sindh,Savings,48586.21,675.0,No Loan,0.0,0.0,No Loan,5,10,3619.26,2026-07-16,Medium Risk
CUST00513,33,Male,47912.0,Punjab,Savings,138102.58,626.0,No Loan,0.0,0.0,No Loan,7,13,3685.94,2026-08-11,Medium Risk
CUST00514,54,Male,84145.0,Punjab,Savings,197985.06,746.0,Car Loan,800064.99,9.02,Approved,8,8,4300.14,2026-07-19,Low Risk
CUST00515,36,Female,57925.0,Punjab,Savings,210805.52,720.0,Business Loan,1976868.66,12.73,Approved,2,10,3430.08,2026-08-11,Low Risk
CUST00516,18,Male,20000.0,Punjab,Current,77299.56,645.0,Car Loan,686794.08,8.66,Rejected,5,13,1129.86,2026-08-15,High Risk
CUST00517,18,Female,46648.0,Punjab,Savings,141951.65,576.0,No Loan,0.0,0.0,No Loan,2,15,3079.42,2026-07-12,High Risk
CUST00518,61,Male,58246.0,Gilgit-Baltistan,Fixed Deposit,192058.83,612.0,Home Loan,1515524.27,15.45,Approved,19,18,2152.9,2026-07-01,Medium Risk
CUST00519,60,Female,55843.0,Punjab,Savings,216626.24,654.0,Home Loan,465294.91,9.21,Approved,0,7,2906.79,2026-06-28,Medium Risk
CUST00520,33,Male,46901.0,Punjab,Current,111651.58,581.0,No Loan,0.0,0.0,No Loan,2,10,2498.29,2026-07-29,Medium Risk
CUST00521,34,Male,80384.0,Khyber Pakhtunkhwa,Savings,244461.46,698.0,Home Loan,4881549.4,11.97,Rejected,0,11,4056.31,2026-08-25,High Risk
CUST00522,44,Female,47144.0,Punjab,Current,181783.85,622.0,Personal Loan,1385298.37,20.01,Pending,2,12,2843.86,2026-07-17,Medium Risk
CUST00523,30,Male,44534.0,Punjab,Salary Account,152560.07,478.0,Car Loan,1180597.03,18.8,Pending,1,10,3266.78,2026-08-05,High Risk
CUST00524,27,Male,33611.0,Azad Kashmir,Savings,71502.44,585.0,Car Loan,779565.56,20.27,Approved,0,19,1602.57,2026-08-12,Medium Risk
CUST00525,29,Female,69727.0,Khyber Pakhtunkhwa,Savings,116914.78,627.0,Car Loan,1416081.63,15.62,Rejected,3,10,3706.82,2026-08-05,High Risk
CUST00526,37,Female,104993.0,Islamabad Capital Territory,Savings,383539.98,777.0,No Loan,0.0,0.0,No Loan,15,9,2143.55,2026-08-11,Low Risk
CUST00527,47,Male,46461.0,Sindh,Current,130734.79,624.0,Personal Loan,1443227.93,15.4,Pending,2,10,3351.43,2026-08-22,Medium Risk
CUST00528,18,Male,20000.0,Sindh,Savings,18742.16,628.0,No Loan,0.0,0.0,No Loan,2,15,1264.91,2026-07-08,Medium Risk
CUST00529,40,Female,63606.0,Punjab,Savings,117276.47,625.0,Personal Loan,425394.01,11.2,Approved,7,13,741.2,2026-06-28,Medium Risk
CUST00530,19,Male,60958.0,Khyber Pakhtunkhwa,Fixed Deposit,62111.05,683.0,No Loan,0.0,0.0,No Loan,2,13,5266.49,2026-07-06,Medium Risk
CUST00531,37,Female,32485.0,Khyber Pakhtunkhwa,Fixed Deposit,80140.35,595.0,Home Loan,2707497.68,20.8,Pending,0,6,508.28,2026-07-04,Medium Risk
CUST00532,39,Female,51169.0,Islamabad Capital Territory,Savings,175644.25,581.0,No Loan,0.0,0.0,No Loan,3,15,2489.65,2026-08-06,Medium Risk
CUST00533,36,Male,27914.0,Khyber Pakhtunkhwa,Savings,96912.39,694.0,Business Loan,2471522.76,14.58,Approved,1,9,996.24,2026-07-30,Medium Risk
CUST00534,50,Male,80787.0,Punjab,Current,159631.37,726.0,No Loan,0.0,0.0,No Loan,0,10,6360.15,2026-07-10,Low Risk
CUST00535,24,Male,20000.0,Sindh,Current,27394.84,696.0,Car Loan,55100.21,9.58,Approved,14,14,1189.85,2026-08-07,Medium Risk
CUST00536,45,Female,53302.0,Punjab,Current,161435.04,791.0,No Loan,0.0,0.0,No Loan,11,19,4152.69,2026-08-12,Low Risk
CUST00537,51,Male,69168.0,Sindh,Fixed Deposit,97675.95,605.0,Home Loan,1361087.98,13.22,Pending,2,13,2762.75,2026-07-07,Medium Risk
CUST00538,51,Female,47690.0,Islamabad Capital Territory,Current,111628.43,603.0,Business Loan,3493604.43,18.84,Approved,6,11,3017.49,2026-08-02,Medium Risk
CUST00539,60,Female,69288.0,Sindh,Fixed Deposit,239204.5,688.0,No Loan,0.0,0.0,No Loan,9,7,3119.38,2026-08-10,Medium Risk
CUST00540,40,Male,69691.0,Punjab,Salary Account,218271.32,731.0,Personal Loan,441581.96,15.32,Approved,8,15,3593.28,2026-07-03,Low Risk
CUST00541,46,Female,37135.0,Punjab,Salary Account,22482.48,712.0,Business Loan,4566801.02,12.09,Approved,3,9,1841.96,2026-08-15,Low Risk
CUST00542,34,Male,62040.0,Punjab,Savings,64633.81,660.0,Car Loan,252920.2,17.56,Pending,0,12,1170.14,2026-08-23,Medium Risk
CUST00543,39,Female,20000.0,Sindh,Salary Account,30629.57,719.0,No Loan,0.0,0.0,No Loan,7,10,1494.87,2026-07-03,Low Risk
CUST00544,33,Female,62863.0,Punjab,Savings,67728.9,645.0,Car Loan,273353.42,9.91,Approved,2,12,4098.04,2026-06-28,Medium Risk
CUST00545,25,Female,67939.0,Punjab,Savings,171908.48,624.0,No Loan,0.0,0.0,No Loan,1,11,1716.85,2026-07-15,Medium Risk
CUST00546,52,Female,104938.0,Gilgit-Baltistan,Salary Account,383456.21,543.0,Car Loan,1328316.71,11.29,Closed,8,10,5657.0,2026-08-06,High Risk
CUST00547,46,Male,25799.0,Balochistan,Salary Account,65812.19,589.0,Personal Loan,535747.4,10.92,Rejected,3,12,2180.37,2026-08-23,High Risk
CUST00548,38,Male,49377.0,Sindh,Savings,145985.14,595.0,Car Loan,132290.03,17.93,Rejected,1,12,1976.08,2026-07-20,High Risk
CUST00549,18,Male,20000.0,Sindh,Salary Account,56291.07,571.0,No Loan,0.0,0.0,No Loan,0,10,405.93,2026-08-08,High Risk
CUST00550,18,Female,20000.0,Punjab,Savings,46551.42,574.0,Personal Loan,715968.65,21.39,Approved,14,15,875.62,2026-07-01,High Risk
CUST00551,60,Female,81563.0,Sindh,Fixed Deposit,75364.54,785.0,Home Loan,3123121.53,20.53,Approved,8,11,1577.94,2026-08-07,Low Risk
CUST00552,23,Female,20000.0,Sindh,Savings,10420.43,599.0,Business Loan,2575553.94,10.23,Pending,2,9,510.0,2026-08-03,Medium Risk
CUST00553,22,Male,20000.0,Punjab,Savings,75967.11,661.0,No Loan,0.0,0.0,No Loan,3,9,584.31,2026-07-03,Medium Risk
CUST00554,46,Female,74132.0,Islamabad Capital Territory,Fixed Deposit,116423.28,614.0,Car Loan,591936.16,12.96,Rejected,10,8,3555.39,2026-08-12,High Risk
CUST00555,22,Male,58763.0,Punjab,Salary Account,22161.43,637.0,Car Loan,496060.46,10.28,Approved,5,15,1395.07,2026-08-17,Medium Risk
CUST00556,41,Male,51918.5,Punjab,Current,96641.27,709.0,Personal Loan,408574.34,9.03,Approved,6,4,2707.28,2026-08-02,Low Risk
CUST00557,34,Female,86093.0,Khyber Pakhtunkhwa,Savings,153028.75,550.0,No Loan,0.0,0.0,No Loan,0,12,3542.57,2026-07-04,High Risk
CUST00558,37,Male,58269.0,Sindh,Savings,127712.45,713.0,No Loan,0.0,0.0,No Loan,2,11,2465.37,2026-08-25,Low Risk
CUST00559,18,Male,37359.0,Khyber Pakhtunkhwa,Current,111896.49,667.0,No Loan,0.0,0.0,No Loan,8,10,1864.91,2026-08-12,Medium Risk
CUST00560,36,Male,20000.0,Balochistan,Savings,28192.51,615.0,Personal Loan,271163.75,18.2,Pending,3,14,100.0,2026-07-17,Medium Risk
CUST00561,30,Male,31198.0,Punjab,Savings,120582.39,620.0,No Loan,0.0,0.0,No Loan,4,14,2203.61,2026-07-22,Medium Risk
CUST00562,20,Male,20000.0,Khyber Pakhtunkhwa,Fixed Deposit,40349.42,574.0,Business Loan,1147154.21,12.14,Approved,23,8,880.12,2026-07-19,High Risk
CUST00563,43,Female,29274.0,Khyber Pakhtunkhwa,Salary Account,22671.27,706.0,Home Loan,3979487.77,14.78,Approved,26,11,711.01,2026-07-27,Low Risk
CUST00564,18,Female,31722.0,Khyber Pakhtunkhwa,Savings,50601.29,600.0,Car Loan,42142.57,12.07,Rejected,4,18,1587.24,2026-07-17,High Risk
CUST00565,32,Male,39758.0,Khyber Pakhtunkhwa,Current,144272.53,719.0,No Loan,0.0,0.0,No Loan,3,9,2030.88,2026-08-16,Low Risk
CUST00566,38,Female,20000.0,Punjab,Current,56283.34,567.0,Business Loan,2404735.19,15.74,Pending,5,11,1242.92,2026-08-15,High Risk
CUST00567,46,Male,40812.0,Balochistan,Salary Account,183270.73,582.0,Home Loan,4247459.88,13.46,Rejected,3,5,1993.39,2026-07-03,High Risk
CUST00568,50,Male,20663.0,Punjab,Fixed Deposit,55165.91,554.0,No Loan,0.0,0.0,No Loan,0,10,900.98,2026-08-23,High Risk
CUST00569,42,Male,25709.0,Punjab,Savings,51850.94,737.0,Car Loan,560868.2,21.14,Approved,5,8,1054.74,2026-08-04,Low Risk
CUST00570,39,Female,79609.0,Punjab,Fixed Deposit,266276.24,655.0,Car Loan,1377676.37,13.78,Pending,0,8,3628.69,2026-08-15,Medium Risk
CUST00571,25,Male,93240.0,Islamabad Capital Territory,Savings,112881.06,632.0,Business Loan,3044457.03,16.79,Rejected,0,16,3448.66,2026-08-08,High Risk
CUST00572,33,Male,67601.0,Khyber Pakhtunkhwa,Salary Account,59087.27,590.0,Personal Loan,776925.88,14.44,Rejected,5,11,2223.94,2026-07-23,High Risk
CUST00573,52,Male,50978.0,Khyber Pakhtunkhwa,Current,106161.94,765.0,Car Loan,747850.14,16.13,Approved,0,15,1203.0,2026-08-10,Low Risk
CUST00574,34,Male,20000.0,Sindh,Savings,86697.81,636.0,Personal Loan,69458.63,19.51,Rejected,1,12,1423.98,2026-08-23,High Risk
CUST00575,35,Male,64777.0,Punjab,Savings,120459.43,579.0,Business Loan,208942.42,17.19,Pending,7,18,2801.12,2026-07-13,High Risk
CUST00576,37,Male,43571.0,Punjab,Savings,20899.69,598.0,No Loan,0.0,0.0,No Loan,11,14,2586.1,2026-08-14,Medium Risk
CUST00577,40,Male,74961.0,Punjab,Salary Account,79998.5,665.0,No Loan,0.0,0.0,No Loan,0,9,4659.98,2026-07-29,Medium Risk
CUST00578,53,Male,94744.0,Punjab,Current,201342.58,763.0,Home Loan,1327882.93,9.01,Approved,1,8,4197.87,2026-07-26,Low Risk
CUST00579,37,Female,94162.0,Islamabad Capital Territory,Salary Account,246519.53,724.0,No Loan,0.0,0.0,No Loan,1,9,7254.31,2026-07-23,Low Risk
CUST00580,62,Female,69930.0,Sindh,Fixed Deposit,136851.93,619.0,Personal Loan,570552.24,19.93,Pending,2,13,4524.85,2026-08-09,Medium Risk
CUST00581,39,Male,56320.0,Punjab,Fixed Deposit,97240.85,544.0,Personal Loan,409063.44,8.98,Pending,3,6,3084.28,2026-07-13,High Risk
CUST00582,26,Male,51079.0,Khyber Pakhtunkhwa,Savings,164814.19,645.0,No Loan,0.0,0.0,No Loan,5,13,2529.14,2026-08-17,Medium Risk
CUST00583,47,Male,112995.0,Sindh,Savings,232359.87,645.0,No Loan,0.0,0.0,No Loan,7,15,4942.77,2026-08-15,Medium Risk
CUST00584,49,Female,47165.0,Punjab,Fixed Deposit,70091.52,604.0,No Loan,0.0,0.0,No Loan,8,12,1659.99,2026-07-02,Medium Risk
CUST00585,46,Male,58676.0,Punjab,Savings,8021.56,644.0,Personal Loan,779449.42,11.77,Approved,0,15,4590.06,2026-08-18,Medium Risk
CUST00586,46,Female,20000.0,Punjab,Current,38482.08,620.0,No Loan,0.0,0.0,No Loan,1,14,926.7,2026-07-11,Medium Risk
CUST00587,38,Male,20000.0,Punjab,Savings,28265.47,599.0,No Loan,0.0,0.0,No Loan,0,7,1042.11,2026-07-24,Medium Risk
CUST00588,38,Female,64873.0,Punjab,Current,134773.11,653.0,No Loan,0.0,0.0,No Loan,7,8,2773.32,2026-08-02,Medium Risk
CUST00589,47,Male,54661.0,Sindh,Fixed Deposit,119351.59,719.0,No Loan,0.0,0.0,No Loan,1,12,563.35,2026-07-19,Low Risk
CUST00590,33,Male,64510.0,Punjab,Current,140709.7,717.0,No Loan,0.0,0.0,No Loan,14,16,4725.45,2026-06-28,Low Risk
CUST00591,18,Male,20000.0,Sindh,Savings,39880.13,668.0,No Loan,0.0,0.0,No Loan,8,10,297.25,2026-08-17,Medium Risk
CUST00592,21,Female,29287.0,Punjab,Current,15649.36,611.0,Car Loan,736377.63,21.71,Closed,2,9,1470.53,2026-07-07,Medium Risk
CUST00593,40,Female,51879.0,Punjab,Salary Account,84303.69,755.0,Personal Loan,1064281.77,11.08,Approved,1,20,1940.22,2026-07-09,Low Risk
CUST00594,28,Male,40720.0,Islamabad Capital Territory,Fixed Deposit,70819.79,650.0,Business Loan,1287780.95,14.13,Approved,9,7,1580.91,2026-08-13,Medium Risk
CUST00595,43,Male,67015.0,Sindh,Current,191791.19,834.0,Car Loan,178187.4,19.58,Approved,0,15,3702.58,2026-07-17,Low Risk
CUST00596,27,Female,69830.0,Punjab,Current,167859.19,693.0,Home Loan,4987693.04,15.16,Approved,3,15,3138.68,2026-08-18,Medium Risk
CUST00597,33,Male,41508.0,Azad Kashmir,Salary Account,152756.76,697.0,No Loan,0.0,0.0,No Loan,3,12,100.0,2026-08-08,Medium Risk
CUST00598,51,Male,50528.0,Punjab,Salary Account,39840.46,687.0,No Loan,0.0,0.0,No Loan,0,9,950.5,2026-07-13,Medium Risk
CUST00599,43,Female,82276.0,Punjab,Savings,193117.58,582.0,No Loan,0.0,0.0,No Loan,1,10,3401.89,2026-06-27,Medium Risk
CUST00600,63,Female,49287.0,Sindh,Current,62064.96,719.0,No Loan,0.0,0.0,No Loan,18,9,3241.4,2026-08-22,Low Risk
CUST00601,33,Male,98256.0,Azad Kashmir,Fixed Deposit,368143.88,745.0,Home Loan,150169.35,15.57,Approved,3,8,1217.81,2026-07-02,Low Risk
CUST00602,24,Female,102303.0,Balochistan,Fixed Deposit,142901.55,632.0,Personal Loan,741129.35,13.3,Approved,5,15,8631.03,2026-08-09,Medium Risk
CUST00603,39,Male,69877.0,Punjab,Savings,18548.7,631.0,No Loan,0.0,0.0,No Loan,0,12,2285.98,2026-07-26,Medium Risk
CUST00604,50,Female,30388.0,Sindh,Fixed Deposit,10729.21,649.0,Home Loan,3252386.21,15.17,Rejected,3,12,897.2,2026-08-11,High Risk
CUST00605,18,Female,51918.5,Khyber Pakhtunkhwa,Current,97240.85,666.0,No Loan,0.0,0.0,No Loan,0,13,743.53,2026-08-07,Medium Risk
CUST00606,33,Female,23888.0,Sindh,Fixed Deposit,75484.06,617.0,No Loan,0.0,0.0,No Loan,10,10,1596.01,2026-08-04,Medium Risk
CUST00607,54,Male,26451.0,Sindh,Fixed Deposit,58313.28,625.0,Car Loan,1278442.13,14.36,Closed,4,13,809.26,2026-07-26,Medium Risk
CUST00608,20,Female,23943.0,Azad Kashmir,Current,72922.72,502.0,Business Loan,4023245.27,10.38,Pending,4,11,1356.31,2026-08-13,High Risk
CUST00609,42,Female,104623.0,Sindh,Savings,196332.83,637.0,No Loan,0.0,0.0,No Loan,12,11,7067.38,2026-07-02,Medium Risk
CUST00610,41,Female,60299.0,Khyber Pakhtunkhwa,Savings,136494.67,665.0,No Loan,0.0,0.0,No Loan,10,7,100.0,2026-07-10,Medium Risk
CUST00611,46,Male,25899.0,Islamabad Capital Territory,Salary Account,73395.8,710.0,Car Loan,841522.25,18.52,Approved,2,11,861.2,2026-08-07,Low Risk
CUST00612,47,Female,63276.0,Gilgit-Baltistan,Savings,78708.88,669.0,Education Loan,659533.42,15.77,Approved,4,12,4638.12,2026-07-15,Medium Risk
CUST00613,62,Female,49677.0,Punjab,Savings,53125.04,645.0,No Loan,0.0,0.0,No Loan,1,9,2769.27,2026-07-31,Medium Risk
CUST00614,48,Male,60897.0,Gilgit-Baltistan,Savings,130958.04,547.0,Personal Loan,1202057.31,11.78,Pending,0,20,2395.68,2026-07-25,High Risk
CUST00615,58,Female,73717.0,Punjab,Savings,158108.4,614.0,No Loan,0.0,0.0,No Loan,3,14,1097.64,2026-07-28,Medium Risk
CUST00616,42,Female,78265.0,Punjab,Current,238413.65,608.0,Home Loan,926355.13,17.06,Approved,9,15,6401.33,2026-07-22,Medium Risk
CUST00617,44,Male,44141.0,Sindh,Savings,62776.51,609.0,Car Loan,688288.61,16.32,Closed,10,11,3895.61,2026-08-10,Medium Risk
CUST00618,21,Male,20000.0,Sindh,Savings,66784.67,696.0,Home Loan,3539920.89,11.56,Pending,4,13,611.58,2026-07-16,Medium Risk
CUST00619,28,Male,102815.0,Khyber Pakhtunkhwa,Savings,178081.56,615.0,No Loan,0.0,0.0,No Loan,1,20,5629.8,2026-08-08,Medium Risk
CUST00620,42,Female,87525.0,Punjab,Fixed Deposit,56511.77,635.0,Home Loan,3830052.81,9.81,Approved,9,10,2597.75,2026-07-13,Medium Risk
CUST00621,57,Female,105281.0,Khyber Pakhtunkhwa,Savings,393277.68,782.0,No Loan,0.0,0.0,No Loan,6,9,3824.12,2026-07-12,Low Risk
CUST00622,36,Female,61356.0,Sindh,Savings,206742.79,653.0,Personal Loan,557820.87,11.95,Rejected,16,14,4514.38,2026-07-04,High Risk
CUST00623,50,Female,51918.5,Punjab,Savings,262278.63,670.0,No Loan,0.0,0.0,No Loan,0,12,4944.5,2026-07-08,Medium Risk
CUST00624,43,Male,104161.0,Punjab,Fixed Deposit,298080.06,664.0,Car Loan,146999.94,21.59,Approved,7,12,6053.47,2026-07-04,Medium Risk
CUST00625,52,Male,115927.0,Punjab,Salary Account,289401.24,555.0,Education Loan,574313.51,9.59,Approved,4,12,5573.77,2026-07-29,High Risk
CUST00626,34,Female,81018.0,Punjab,Savings,37775.75,634.0,Car Loan,1189004.8,17.36,Rejected,2,12,2815.97,2026-08-11,High Risk
CUST00627,23,Female,50407.0,Islamabad Capital Territory,Salary Account,38437.71,578.0,No Loan,0.0,0.0,No Loan,1,14,1723.9,2026-07-08,High Risk
CUST00628,45,Female,105055.0,Islamabad Capital Territory,Salary Account,96448.27,713.0,Personal Loan,1358549.51,11.17,Approved,0,13,3814.67,2026-07-09,Low Risk
CUST00629,23,Male,20000.0,Khyber Pakhtunkhwa,Savings,80131.1,584.0,Personal Loan,1314901.32,20.09,Approved,6,13,1100.88,2026-07-26,Medium Risk
CUST00630,18,Male,51918.5,Punjab,Savings,118191.09,568.0,Education Loan,384993.79,17.52,Pending,2,11,3052.17,2026-08-09,High Risk
CUST00631,48,Female,71902.0,Punjab,Savings,103604.98,707.0,No Loan,0.0,0.0,No Loan,4,16,3102.85,2026-08-24,Low Risk
CUST00632,47,Female,38380.0,Sindh,Current,54305.08,541.0,Education Loan,969405.75,20.34,Rejected,2,12,2557.04,2026-07-28,High Risk
CUST00633,43,Female,50962.0,Islamabad Capital Territory,Current,205102.57,639.0,No Loan,0.0,0.0,No Loan,0,17,4938.85,2026-07-13,Medium Risk
CUST00634,20,Male,64191.0,Punjab,Savings,28846.38,737.0,No Loan,0.0,0.0,No Loan,14,13,2455.0,2026-07-03,Low Risk
CUST00635,41,Female,93765.0,Khyber Pakhtunkhwa,Salary Account,347005.46,614.0,Home Loan,2061299.01,10.75,Approved,0,8,4107.83,2026-07-08,Medium Risk
CUST00636,39,Female,58150.0,Sindh,Savings,153562.71,621.0,Car Loan,624168.3,12.2,Approved,8,11,2755.38,2026-07-10,Medium Risk
CUST00637,46,Female,58187.0,Sindh,Current,157901.91,635.0,Home Loan,3515928.43,19.65,Pending,22,15,2330.6,2026-07-07,Medium Risk
CUST00638,40,Female,20000.0,Sindh,Current,27527.37,626.0,Business Loan,4644673.14,15.64,Pending,2,15,817.93,2026-06-27,Medium Risk
CUST00639,46,Male,76461.0,Punjab,Savings,237958.27,718.0,Car Loan,853533.18,10.69,Approved,11,9,589.22,2026-07-29,Low Risk
CUST00640,31,Female,20000.0,Punjab,Fixed Deposit,44883.0,700.0,Home Loan,4182252.54,18.78,Approved,3,5,1475.09,2026-07-13,Low Risk
CUST00641,39,Male,57560.0,Khyber Pakhtunkhwa,Salary Account,149496.37,652.0,No Loan,0.0,0.0,No Loan,0,15,3183.26,2026-08-24,Medium Risk
CUST00642,29,Male,74270.0,Punjab,Savings,258798.42,628.0,No Loan,0.0,0.0,No Loan,1,9,2813.22,2026-07-30,Medium Risk
CUST00643,41,Female,63556.0,Islamabad Capital Territory,Fixed Deposit,80337.72,635.0,Car Loan,998473.27,9.09,Pending,1,11,1061.23,2026-08-07,Medium Risk
CUST00644,18,Male,65397.0,Islamabad Capital Territory,Savings,112424.14,659.0,Home Loan,3990067.56,16.73,Approved,4,8,3446.98,2026-07-04,Medium Risk
CUST00645,35,Male,51918.5,Punjab,Savings,262479.43,582.0,Business Loan,2398144.57,13.24,Approved,9,12,4354.94,2026-08-18,Medium Risk
CUST00646,35,Male,71072.0,Punjab,Savings,101670.1,585.0,No Loan,0.0,0.0,No Loan,11,14,6461.38,2026-07-26,Medium Risk
CUST00647,28,Female,30502.0,Punjab,Current,20932.05,583.0,Car Loan,1228783.01,18.78,Approved,1,21,1389.05,2026-08-18,Medium Risk
CUST00648,40,Female,37956.0,Khyber Pakhtunkhwa,Current,24200.05,739.0,Personal Loan,697939.07,10.28,Approved,1,11,2195.96,2026-07-31,Low Risk
CUST00649,42,Male,40036.0,Punjab,Savings,103873.62,638.0,No Loan,0.0,0.0,No Loan,7,13,2383.29,2026-07-25,Medium Risk
CUST00650,35,Female,20000.0,Punjab,Salary Account,36276.07,568.0,No Loan,0.0,0.0,No Loan,0,16,941.12,2026-07-23,High Risk
CUST00651,27,Female,53659.0,Sindh,Savings,52730.46,645.0,Personal Loan,586937.2,20.27,Approved,15,19,2958.52,2026-07-08,Medium Risk
CUST00652,34,Male,81534.0,Punjab,Savings,321104.63,689.0,No Loan,0.0,0.0,No Loan,2,15,6511.23,2026-06-30,Medium Risk
CUST00653,30,Male,84513.0,Azad Kashmir,Savings,301916.17,739.0,No Loan,0.0,0.0,No Loan,2,15,3079.09,2026-08-22,Low Risk
CUST00654,29,Male,57847.0,Khyber Pakhtunkhwa,Savings,167604.92,642.0,Personal Loan,985739.78,16.76,Pending,1,15,3009.93,2026-07-25,Medium Risk
CUST00655,23,Male,39732.0,Sindh,Salary Account,84499.84,700.0,Car Loan,768855.33,13.88,Approved,2,6,635.21,2026-08-15,Low Risk
CUST00656,28,Female,75637.0,Sindh,Fixed Deposit,82151.42,654.0,No Loan,0.0,0.0,No Loan,2,7,4832.7,2026-07-21,Medium Risk
CUST00657,20,Male,51918.5,Sindh,Salary Account,63424.45,705.0,Education Loan,1337149.49,19.11,Approved,3,9,2237.57,2026-07-01,Low Risk
CUST00658,36,Female,44529.0,Islamabad Capital Territory,Savings,118071.06,636.0,No Loan,0.0,0.0,No Loan,0,11,1927.96,2026-08-03,Medium Risk
CUST00659,32,Female,59607.0,Punjab,Current,96935.23,648.0,Car Loan,334308.57,20.08,Approved,1,14,4758.63,2026-06-30,Medium Risk
CUST00660,45,Male,71544.0,Punjab,Current,221806.28,638.0,Home Loan,3817497.41,15.01,Closed,1,11,1925.06,2026-07-05,Medium Risk
CUST00661,29,Male,44914.0,Punjab,Savings,195209.36,616.0,No Loan,0.0,0.0,No Loan,2,12,1111.29,2026-07-30,Medium Risk
CUST00662,22,Male,61458.0,Punjab,Fixed Deposit,174821.58,582.0,No Loan,0.0,0.0,No Loan,9,14,2651.06,2026-07-15,Medium Risk
CUST00663,38,Male,35774.0,Khyber Pakhtunkhwa,Savings,155911.57,669.0,No Loan,0.0,0.0,No Loan,0,17,2548.66,2026-08-25,Medium Risk
CUST00664,33,Female,112426.0,Khyber Pakhtunkhwa,Fixed Deposit,113835.06,667.0,Home Loan,2570597.35,21.26,Rejected,15,8,8718.27,2026-07-04,High Risk
CUST00665,48,Female,106140.0,Sindh,Salary Account,277468.73,645.0,No Loan,0.0,0.0,No Loan,2,16,5303.56,2026-08-11,Medium Risk
CUST00666,34,Male,28596.0,Sindh,Savings,56374.45,600.0,No Loan,0.0,0.0,No Loan,12,7,1668.22,2026-08-02,Medium Risk
CUST00667,47,Female,99078.0,Khyber Pakhtunkhwa,Savings,98231.59,737.0,Business Loan,1713990.34,12.47,Pending,7,12,6204.71,2026-08-13,Low Risk
CUST00668,23,Male,23980.0,Khyber Pakhtunkhwa,Savings,40402.47,617.0,No Loan,0.0,0.0,No Loan,1,10,1012.69,2026-07-10,Medium Risk
CUST00669,38,Female,26121.0,Punjab,Savings,16459.55,728.0,Home Loan,4648286.34,20.8,Approved,10,10,2109.22,2026-07-28,Low Risk
CUST00670,53,Male,76264.0,Balochistan,Savings,230934.84,635.0,Home Loan,131858.77,19.5,Approved,4,6,3381.91,2026-07-24,Medium Risk
CUST00671,43,Female,63243.0,Azad Kashmir,Savings,136124.25,685.0,No Loan,0.0,0.0,No Loan,2,13,2023.57,2026-07-23,Medium Risk
CUST00672,32,Male,29265.0,Sindh,Current,21888.47,601.0,Personal Loan,1422451.7,14.76,Approved,6,10,1096.24,2026-08-17,Medium Risk
CUST00673,54,Male,82743.0,Islamabad Capital Territory,Savings,170696.38,664.0,No Loan,0.0,0.0,No Loan,0,7,3641.2,2026-08-25,Medium Risk
CUST00674,27,Male,52779.0,Azad Kashmir,Savings,140870.12,591.0,Home Loan,426003.42,17.89,Approved,1,12,4409.37,2026-07-15,Medium Risk
CUST00675,21,Female,24271.0,Khyber Pakhtunkhwa,Savings,9635.56,663.0,Home Loan,2274289.02,18.07,Rejected,5,14,897.33,2026-08-03,High Risk
CUST00676,18,Male,32177.0,Balochistan,Fixed Deposit,24156.55,636.0,No Loan,0.0,0.0,No Loan,9,18,100.0,2026-08-02,Medium Risk
CUST00677,38,Female,29887.0,Punjab,Savings,69913.93,591.0,No Loan,0.0,0.0,No Loan,1,7,1746.15,2026-08-10,Medium Risk
CUST00678,47,Male,107925.0,Khyber Pakhtunkhwa,Current,409595.75,690.0,Car Loan,1230953.76,8.58,Closed,1,12,7624.66,2026-08-22,Medium Risk
CUST00679,23,Male,34256.0,Punjab,Savings,53036.61,604.0,Car Loan,863162.86,11.49,Pending,1,18,2679.29,2026-07-09,Medium Risk
CUST00680,33,Female,23706.0,Islamabad Capital Territory,Savings,294.47,711.0,No Loan,0.0,0.0,No Loan,12,12,1084.67,2026-07-09,Low Risk
CUST00681,34,Female,52593.0,Punjab,Savings,144274.04,688.0,No Loan,0.0,0.0,No Loan,0,17,3270.48,2026-08-05,Medium Risk
CUST00682,33,Female,57518.0,Punjab,Current,97240.85,684.0,No Loan,0.0,0.0,No Loan,0,15,3735.85,2026-07-06,Medium Risk
CUST00683,37,Male,48554.0,Sindh,Salary Account,118889.65,552.0,No Loan,0.0,0.0,No Loan,13,15,3374.7,2026-07-07,High Risk
CUST00684,41,Male,43454.0,Punjab,Fixed Deposit,28078.09,593.0,Home Loan,3389636.26,9.25,Approved,3,10,1281.26,2026-07-01,Medium Risk
CUST00685,40,Male,72521.0,Punjab,Savings,254852.94,761.0,No Loan,0.0,0.0,No Loan,7,15,3309.85,2026-06-27,Low Risk
CUST00686,36,Female,20000.0,Islamabad Capital Territory,Salary Account,83721.82,666.0,No Loan,0.0,0.0,No Loan,1,10,809.95,2026-07-24,Medium Risk
CUST00687,36,Male,41572.0,Punjab,Current,78175.99,613.0,No Loan,0.0,0.0,No Loan,2,6,2543.12,2026-08-01,Medium Risk
CUST00688,32,Female,34141.0,Punjab,Current,120322.91,639.0,No Loan,0.0,0.0,No Loan,9,12,1536.42,2026-07-14,Medium Risk
CUST00689,31,Female,51918.5,Punjab,Current,168103.17,599.0,Home Loan,1966419.2,16.91,Approved,9,11,990.87,2026-07-10,Medium Risk
CUST00690,33,Male,48238.0,Punjab,Savings,120062.58,592.0,No Loan,0.0,0.0,No Loan,14,7,1878.68,2026-08-08,Medium Risk
CUST00691,41,Female,53438.0,Punjab,Current,62469.71,603.0,Education Loan,654552.08,20.24,Approved,19,21,3245.62,2026-08-08,Medium Risk
CUST00692,22,Male,25905.0,Punjab,Savings,70028.44,582.0,No Loan,0.0,0.0,No Loan,4,11,1246.41,2026-07-24,Medium Risk
CUST00693,51,Male,51918.5,Sindh,Salary Account,136911.98,624.0,Personal Loan,942791.56,13.33,Pending,3,14,2753.51,2026-08-07,Medium Risk
CUST00694,36,Female,39135.0,Punjab,Current,108326.12,641.0,No Loan,0.0,0.0,No Loan,2,7,3260.06,2026-08-21,Medium Risk
CUST00695,41,Female,91732.0,Sindh,Salary Account,164874.33,716.0,Home Loan,788023.61,21.43,Approved,10,8,7976.77,2026-08-13,Low Risk
CUST00696,51,Male,91328.0,Sindh,Current,97240.85,615.0,Business Loan,3101572.82,11.02,Approved,10,15,3069.74,2026-08-03,Medium Risk
CUST00697,29,Male,67316.0,Balochistan,Fixed Deposit,60249.97,630.0,Car Loan,415917.55,19.57,Closed,0,12,4269.54,2026-08-05,Medium Risk
CUST00698,45,Male,118481.0,Azad Kashmir,Savings,377479.09,655.0,No Loan,0.0,0.0,No Loan,1,9,10683.37,2026-08-22,Medium Risk
CUST00699,51,Male,51904.0,Sindh,Savings,192970.49,657.0,No Loan,0.0,0.0,No Loan,0,12,2204.9,2026-07-22,Medium Risk
CUST00700,30,Male,20000.0,Khyber Pakhtunkhwa,Current,97240.85,560.0,Car Loan,829911.39,11.62,Approved,4,16,864.53,2026-07-29,High Risk
CUST00701,20,Male,20000.0,Islamabad Capital Territory,Savings,91682.25,688.0,Car Loan,737471.53,9.93,Approved,11,12,1076.09,2026-08-04,Medium Risk
CUST00702,32,Female,52240.0,Sindh,Current,131962.4,649.0,Home Loan,4038139.7,10.68,Approved,5,10,3276.21,2026-08-20,Medium Risk
CUST00703,18,Male,55056.0,Punjab,Current,101848.8,758.0,Car Loan,170330.33,12.93,Approved,0,8,2668.85,2026-08-15,Low Risk
CUST00704,54,Male,75684.0,Punjab,Current,265460.1,651.0,Education Loan,1162278.47,20.63,Approved,24,7,3341.06,2026-07-01,Medium Risk
CUST00705,35,Female,44898.0,Azad Kashmir,Current,149122.71,731.0,No Loan,0.0,0.0,No Loan,4,10,3416.59,2026-07-06,Low Risk
CUST00706,38,Female,90292.0,Punjab,Fixed Deposit,140386.9,657.0,No Loan,0.0,0.0,No Loan,0,18,3823.71,2026-07-15,Medium Risk
CUST00707,24,Female,67687.0,Punjab,Fixed Deposit,141599.31,741.0,Education Loan,336605.85,14.14,Approved,7,15,835.28,2026-08-10,Low Risk
CUST00708,18,Female,20000.0,Islamabad Capital Territory,Current,49866.68,605.0,No Loan,0.0,0.0,No Loan,4,10,681.21,2026-07-31,Medium Risk
CUST00709,37,Female,20000.0,Gilgit-Baltistan,Savings,75955.53,688.0,Home Loan,3436837.87,11.41,Approved,1,8,1237.94,2026-07-14,Medium Risk
CUST00710,29,Female,54562.0,Azad Kashmir,Salary Account,176438.69,596.0,Car Loan,1193979.92,10.53,Rejected,1,10,2401.22,2026-07-04,High Risk
CUST00711,32,Male,55915.0,Khyber Pakhtunkhwa,Savings,91740.36,668.0,Home Loan,2708747.7,11.36,Pending,7,8,2032.99,2026-08-07,Medium Risk
CUST00712,50,Female,71668.0,Punjab,Fixed Deposit,105606.05,707.0,Home Loan,1881517.53,12.34,Closed,6,12,2872.87,2026-08-07,Low Risk
CUST00713,37,Male,121867.0,Sindh,Current,130233.74,774.0,No Loan,0.0,0.0,No Loan,1,16,3388.51,2026-08-22,Low Risk
CUST00714,40,Male,75340.0,Sindh,Savings,76984.15,707.0,Education Loan,231321.58,9.87,Approved,4,15,4272.26,2026-07-27,Low Risk
CUST00715,23,Female,30618.0,Sindh,Current,139789.81,565.0,Car Loan,1479238.48,9.16,Closed,4,12,1186.01,2026-07-26,High Risk
CUST00716,28,Female,60887.0,Punjab,Savings,38108.64,651.0,No Loan,0.0,0.0,No Loan,1,10,3046.55,2026-07-01,Medium Risk
CUST00717,18,Male,20000.0,Punjab,Savings,53168.1,570.0,Personal Loan,835969.21,16.67,Pending,5,10,557.25,2026-06-29,High Risk
CUST00718,53,Male,36619.0,Punjab,Fixed Deposit,113363.11,595.0,Personal Loan,354878.99,19.2,Pending,1,10,2333.11,2026-07-22,Medium Risk
CUST00719,55,Male,80568.0,Balochistan,Fixed Deposit,66330.74,603.0,Education Loan,1004799.09,21.41,Approved,9,8,3512.91,2026-07-16,Medium Risk
CUST00720,53,Male,71039.0,Sindh,Savings,253808.67,595.0,Car Loan,38733.59,8.52,Rejected,1,8,5985.34,2026-07-12,High Risk
CUST00721,26,Male,28325.0,Sindh,Current,80510.63,614.0,Home Loan,4731929.82,11.44,Approved,0,13,1945.73,2026-07-02,Medium Risk
CUST00722,41,Male,47311.0,Khyber Pakhtunkhwa,Current,94685.16,707.0,No Loan,0.0,0.0,No Loan,4,15,3703.53,2026-08-23,Low Risk
CUST00723,34,Female,69540.0,Khyber Pakhtunkhwa,Fixed Deposit,13458.51,665.0,No Loan,0.0,0.0,No Loan,8,7,1086.31,2026-08-16,Medium Risk
CUST00724,49,Male,20000.0,Punjab,Fixed Deposit,82380.42,675.0,Personal Loan,328620.76,18.83,Closed,6,17,1219.1,2026-07-31,Medium Risk
CUST00725,27,Male,37485.0,Punjab,Current,114163.87,742.0,Home Loan,2380263.1,13.74,Pending,2,9,1207.13,2026-08-23,Low Risk
CUST00726,25,Female,22188.0,Punjab,Savings,62618.03,662.0,No Loan,0.0,0.0,No Loan,1,10,1298.4,2026-08-25,Medium Risk
CUST00727,38,Male,74344.0,Khyber Pakhtunkhwa,Current,47037.03,612.0,No Loan,0.0,0.0,No Loan,1,14,5970.3,2026-08-06,Medium Risk
CUST00728,30,Male,72214.0,Azad Kashmir,Savings,167136.03,624.0,No Loan,0.0,0.0,No Loan,12,11,2883.18,2026-07-13,Medium Risk
CUST00729,18,Male,20334.0,Punjab,Fixed Deposit,25300.98,630.0,Car Loan,1009972.16,17.34,Approved,2,10,773.76,2026-06-29,Medium Risk
CUST00730,38,Male,33398.0,Khyber Pakhtunkhwa,Fixed Deposit,62377.05,691.0,Personal Loan,791480.79,20.94,Rejected,0,14,2238.61,2026-08-11,High Risk
CUST00731,38,Female,97413.0,Balochistan,Fixed Deposit,270370.37,652.0,No Loan,0.0,0.0,No Loan,0,12,6474.89,2026-07-25,Medium Risk
CUST00732,48,Male,62418.0,Khyber Pakhtunkhwa,Current,108207.66,636.0,No Loan,0.0,0.0,No Loan,3,7,2730.25,2026-08-05,Medium Risk
CUST00733,47,Male,89746.0,Punjab,Current,97240.85,680.0,No Loan,0.0,0.0,No Loan,8,13,3282.88,2026-08-20,Medium Risk
CUST00734,23,Female,22515.0,Sindh,Savings,49408.78,631.0,No Loan,0.0,0.0,No Loan,4,12,1233.15,2026-07-07,Medium Risk
CUST00735,32,Female,41486.0,Khyber Pakhtunkhwa,Savings,95233.88,664.0,Business Loan,1106065.54,12.89,Approved,4,11,2301.36,2026-08-01,Medium Risk
CUST00736,55,Female,70100.0,Punjab,Fixed Deposit,198090.62,636.0,Home Loan,932460.3,20.98,Pending,3,7,1908.04,2026-08-04,Medium Risk
CUST00737,36,Male,59954.0,Punjab,Savings,83438.21,641.0,No Loan,0.0,0.0,No Loan,3,14,2192.75,2026-07-26,Medium Risk
CUST00738,38,Female,40688.0,Punjab,Current,118701.3,681.0,Personal Loan,23740.77,9.87,Pending,16,11,726.17,2026-07-02,Medium Risk
CUST00739,23,Male,40091.0,Sindh,Salary Account,30357.05,615.0,Personal Loan,572491.39,14.14,Approved,5,18,1511.48,2026-07-17,Medium Risk
CUST00740,27,Female,20000.0,Punjab,Savings,52070.73,625.0,Home Loan,4390397.59,15.62,Approved,1,15,658.15,2026-07-16,Medium Risk
CUST00741,29,Male,20000.0,Gilgit-Baltistan,Current,53242.31,631.0,Personal Loan,885705.46,17.48,Pending,10,11,968.83,2026-08-06,Medium Risk
CUST00742,43,Female,73886.0,Punjab,Fixed Deposit,318160.82,620.0,Personal Loan,522555.97,12.7,Closed,7,14,8000.54,2026-08-17,Medium Risk
CUST00743,36,Male,56685.0,Punjab,Current,192258.01,680.0,Business Loan,4326140.44,16.55,Rejected,8,16,4553.07,2026-07-16,High Risk
CUST00744,18,Male,57315.0,Punjab,Savings,217665.19,522.0,Car Loan,955347.19,19.31,Rejected,8,12,1759.52,2026-08-07,High Risk
CUST00745,42,Female,101932.0,Punjab,Savings,201441.72,600.0,Business Loan,1363445.25,12.69,Rejected,1,17,7464.49,2026-07-14,High Risk
CUST00746,34,Female,33150.0,Khyber Pakhtunkhwa,Salary Account,92314.71,604.0,Personal Loan,650628.23,18.36,Rejected,1,16,1999.38,2026-08-22,High Risk
CUST00747,33,Female,51788.0,Punjab,Savings,159094.96,561.0,Education Loan,529061.71,20.76,Closed,0,12,2631.15,2026-08-14,High Risk
CUST00748,47,Male,58294.0,Gilgit-Baltistan,Current,180793.06,627.0,No Loan,0.0,0.0,No Loan,0,19,2769.29,2026-07-30,Medium Risk
CUST00749,40,Male,24303.0,Sindh,Fixed Deposit,28989.87,655.0,No Loan,0.0,0.0,No Loan,3,13,1274.2,2026-07-24,Medium Risk
CUST00750,40,Male,42744.0,Punjab,Savings,64117.19,588.0,Car Loan,815255.54,14.5,Rejected,8,11,1988.22,2026-07-15,High Risk
CUST00751,33,Female,77457.0,Sindh,Savings,191254.86,678.0,No Loan,0.0,0.0,No Loan,2,9,2994.78,2026-07-16,Medium Risk
CUST00752,46,Female,41237.0,Azad Kashmir,Savings,94636.48,711.0,No Loan,0.0,0.0,No Loan,5,11,3761.16,2026-08-24,Low Risk
CUST00753,44,Male,62739.0,Sindh,Fixed Deposit,150577.46,621.0,Car Loan,356243.05,8.56,Approved,17,14,2474.8,2026-07-21,Medium Risk
CUST00754,23,Male,32118.0,Sindh,Savings,43419.37,664.0,No Loan,0.0,0.0,No Loan,5,11,1173.33,2026-07-27,Medium Risk
CUST00755,30,Female,29374.0,Sindh,Savings,69755.39,784.0,Car Loan,1439025.41,11.28,Approved,0,7,1612.8,2026-08-25,Low Risk
CUST00756,22,Female,49980.0,Punjab,Current,70222.93,589.0,Car Loan,1417611.71,16.75,Pending,7,9,2275.42,2026-08-05,Medium Risk
CUST00757,22,Male,20000.0,Punjab,Savings,42206.01,677.0,Personal Loan,491821.58,9.19,Approved,1,13,100.0,2026-07-29,Medium Risk
CUST00758,51,Male,58473.0,Khyber Pakhtunkhwa,Fixed Deposit,130871.14,638.0,Personal Loan,185172.74,11.03,Rejected,9,16,737.07,2026-07-21,High Risk
CUST00759,57,Male,126550.0,Balochistan,Salary Account,220604.03,660.0,Car Loan,842167.63,19.64,Rejected,12,13,6361.47,2026-07-08,High Risk
CUST00760,36,Female,40806.0,Islamabad Capital Territory,Savings,77099.79,704.0,No Loan,0.0,0.0,No Loan,2,11,1019.97,2026-07-18,Low Risk
CUST00761,29,Male,51353.0,Punjab,Savings,115882.56,652.0,Car Loan,1463150.81,21.49,Approved,0,8,3508.08,2026-08-11,Medium Risk
CUST00762,51,Male,76977.0,Sindh,Fixed Deposit,110956.09,587.0,Personal Loan,160349.05,13.18,Approved,1,15,2325.24,2026-08-03,Medium Risk
CUST00763,44,Female,102281.0,Gilgit-Baltistan,Savings,97240.85,615.0,Car Loan,1074038.21,12.78,Rejected,5,11,2377.68,2026-08-11,High Risk
CUST00764,44,Male,21063.0,Punjab,Current,11210.41,567.0,No Loan,0.0,0.0,No Loan,6,10,764.91,2026-07-09,High Risk
CUST00765,39,Male,20000.0,Balochistan,Current,97240.85,633.0,No Loan,0.0,0.0,No Loan,3,10,1196.8,2026-07-29,Medium Risk
CUST00766,23,Male,34505.0,Sindh,Salary Account,84300.97,561.0,Home Loan,3312693.07,9.18,Rejected,1,8,2603.39,2026-08-21,High Risk
CUST00767,34,Male,75644.0,Khyber Pakhtunkhwa,Salary Account,58515.91,582.0,No Loan,0.0,0.0,No Loan,0,10,1030.19,2026-07-23,Medium Risk
CUST00768,59,Male,71486.0,Sindh,Salary Account,52867.56,686.0,Car Loan,72616.78,21.96,Closed,1,9,4866.08,2026-08-07,Medium Risk
CUST00769,19,Male,20000.0,Sindh,Savings,68192.2,701.0,No Loan,0.0,0.0,No Loan,1,11,1515.65,2026-07-04,Low Risk
CUST00770,44,Male,73684.0,Sindh,Savings,89663.02,586.0,No Loan,0.0,0.0,No Loan,0,5,4291.48,2026-08-24,Medium Risk
CUST00771,39,Male,22985.0,Sindh,Savings,6477.17,497.0,Home Loan,3262770.11,20.42,Rejected,9,7,1111.93,2026-08-02,High Risk
CUST00772,47,Male,78836.0,Khyber Pakhtunkhwa,Salary Account,240892.87,734.0,Home Loan,584133.3,21.12,Approved,3,10,2893.21,2026-07-11,Low Risk
CUST00773,18,Female,20000.0,Khyber Pakhtunkhwa,Salary Account,66581.76,603.0,Car Loan,1250524.72,11.04,Pending,4,17,1479.29,2026-07-06,Medium Risk
CUST00774,33,Male,35863.0,Khyber Pakhtunkhwa,Current,70979.71,707.0,Home Loan,819488.85,16.55,Approved,2,12,1869.01,2026-07-30,Low Risk
CUST00775,28,Male,86827.0,Islamabad Capital Territory,Current,11677.54,670.0,No Loan,0.0,0.0,No Loan,23,12,3711.24,2026-07-30,Medium Risk
CUST00776,18,Female,20000.0,Sindh,Fixed Deposit,28892.79,705.0,Car Loan,263041.1,9.26,Approved,13,12,645.34,2026-07-02,Low Risk
CUST00777,35,Male,115192.0,Gilgit-Baltistan,Fixed Deposit,355919.27,639.0,Education Loan,400866.14,12.14,Approved,1,16,3841.71,2026-08-25,Medium Risk
CUST00778,38,Female,20000.0,Punjab,Current,12653.27,701.0,No Loan,0.0,0.0,No Loan,1,12,797.82,2026-08-20,Low Risk
CUST00779,34,Male,57415.0,Khyber Pakhtunkhwa,Current,154785.13,520.0,No Loan,0.0,0.0,No Loan,1,15,3546.13,2026-07-24,High Risk
CUST00780,28,Male,23564.0,Punjab,Current,57941.27,539.0,Home Loan,4768611.54,19.98,Approved,0,19,271.83,2026-07-04,High Risk
CUST00781,28,Male,68272.0,Sindh,Salary Account,216558.7,605.0,Personal Loan,1417378.06,10.79,Approved,1,9,284.98,2026-08-15,Medium Risk
CUST00782,23,Male,32780.0,Sindh,Savings,10250.61,718.0,Home Loan,2808858.07,20.5,Approved,0,12,983.22,2026-07-26,Low Risk
CUST00783,33,Male,46800.0,Punjab,Current,79861.07,705.0,Home Loan,2511365.13,9.05,Pending,30,8,2721.98,2026-08-08,Low Risk
CUST00784,26,Female,51029.0,Sindh,Current,164559.03,457.0,No Loan,0.0,0.0,No Loan,4,13,4162.89,2026-07-27,High Risk
CUST00785,40,Female,111634.0,Khyber Pakhtunkhwa,Savings,172008.13,680.0,Home Loan,1048907.93,9.45,Pending,1,13,7942.6,2026-07-13,Medium Risk
CUST00786,36,Male,65762.0,Islamabad Capital Territory,Savings,28739.23,635.0,No Loan,0.0,0.0,No Loan,4,11,2634.36,2026-08-16,Medium Risk
CUST00787,41,Male,53536.0,Balochistan,Fixed Deposit,107558.79,678.0,Education Loan,450618.48,19.22,Rejected,0,15,1913.17,2026-08-24,High Risk
CUST00788,39,Female,30854.0,Punjab,Salary Account,80865.72,634.0,Personal Loan,848564.82,11.83,Closed,7,11,2595.05,2026-07-11,Medium Risk
CUST00789,34,Female,43503.0,Punjab,Current,129385.44,623.0,Car Loan,348062.49,11.47,Closed,15,8,1061.78,2026-07-30,Medium Risk
CUST00790,23,Female,53128.0,Punjab,Salary Account,203990.72,615.0,No Loan,0.0,0.0,No Loan,5,6,2436.28,2026-07-20,Medium Risk
CUST00791,50,Female,90932.0,Punjab,Savings,96599.21,624.0,Car Loan,505593.14,19.57,Approved,3,15,4869.77,2026-08-21,Medium Risk
CUST00792,27,Female,48076.0,Balochistan,Fixed Deposit,127430.33,722.0,No Loan,0.0,0.0,No Loan,5,10,529.23,2026-07-27,Low Risk
CUST00793,45,Male,38310.0,Punjab,Fixed Deposit,96084.5,590.0,No Loan,0.0,0.0,No Loan,7,21,1892.66,2026-08-18,Medium Risk
CUST00794,43,Female,53197.0,Punjab,Savings,23619.43,592.0,Personal Loan,403317.71,15.09,Rejected,0,8,2092.19,2026-08-17,High Risk
CUST00795,55,Female,34066.0,Punjab,Current,25266.99,612.0,Personal Loan,1037650.11,21.9,Approved,4,12,1727.4,2026-07-13,Medium Risk
CUST00796,23,Male,29569.0,Punjab,Current,44522.54,556.0,Car Loan,1477814.43,9.8,Approved,10,12,1539.18,2026-08-13,High Risk
CUST00797,24,Male,20000.0,Islamabad Capital Territory,Fixed Deposit,50431.33,669.0,No Loan,0.0,0.0,No Loan,3,15,1337.52,2026-07-21,Medium Risk
CUST00798,40,Male,57098.0,Punjab,Current,197081.19,470.0,No Loan,0.0,0.0,No Loan,0,14,1409.59,2026-08-22,High Risk
CUST00799,50,Male,87301.0,Balochistan,Savings,408042.43,698.0,Personal Loan,1445409.7,10.16,Approved,8,13,275.04,2026-07-27,Medium Risk
CUST00800,40,Female,70483.0,Punjab,Current,239005.34,755.0,No Loan,0.0,0.0,No Loan,6,18,3272.23,2026-08-15,Low Risk
CUST00801,39,Male,27089.0,Punjab,Savings,21362.12,703.0,Business Loan,397473.23,21.73,Approved,1,14,1942.0,2026-07-13,Low Risk
CUST00802,34,Male,36983.0,Punjab,Savings,132354.34,627.0,Business Loan,4988596.28,18.67,Closed,7,6,1274.66,2026-07-14,Medium Risk
CUST00803,21,Female,20000.0,Sindh,Salary Account,20080.15,675.0,No Loan,0.0,0.0,No Loan,13,15,1086.69,2026-08-01,Medium Risk
CUST00804,19,Female,35313.0,Punjab,Current,97240.85,574.0,No Loan,0.0,0.0,No Loan,2,7,1070.02,2026-08-25,High Risk
CUST00805,21,Male,43057.0,Punjab,Salary Account,85384.27,683.0,Business Loan,412216.74,9.71,Rejected,3,11,2486.24,2026-07-26,High Risk
CUST00806,37,Female,47552.0,Khyber Pakhtunkhwa,Savings,66882.2,607.0,Personal Loan,886560.78,13.2,Rejected,0,5,3153.01,2026-07-05,High Risk
CUST00807,37,Male,53462.0,Punjab,Current,151859.16,548.0,Personal Loan,58453.79,10.56,Rejected,0,8,1414.57,2026-07-29,High Risk
CUST00808,55,Female,39302.0,Balochistan,Current,141645.8,660.0,No Loan,0.0,0.0,No Loan,16,12,1931.44,2026-07-17,Medium Risk
CUST00809,49,Female,51860.0,Punjab,Current,73135.84,638.0,Car Loan,897572.32,10.13,Approved,4,23,2393.02,2026-07-30,Medium Risk
CUST00810,20,Female,47066.0,Punjab,Savings,184387.48,699.0,Education Loan,1039522.4,20.58,Rejected,6,10,3266.82,2026-07-29,High Risk
CUST00811,43,Female,20000.0,Punjab,Fixed Deposit,21360.53,701.0,Car Loan,438098.28,12.87,Approved,0,14,469.89,2026-07-24,Low Risk
CUST00812,53,Female,94986.0,Punjab,Current,97240.85,669.0,Home Loan,3538879.62,12.67,Approved,0,14,3971.71,2026-07-16,Medium Risk
CUST00813,41,Male,103597.0,Sindh,Current,216722.26,730.0,Personal Loan,966298.51,20.28,Approved,0,17,4430.39,2026-07-08,Low Risk
CUST00814,39,Male,20000.0,Islamabad Capital Territory,Savings,31874.47,689.0,No Loan,0.0,0.0,No Loan,10,10,1219.39,2026-08-07,Medium Risk
CUST00815,32,Male,40709.0,Punjab,Salary Account,30884.22,742.0,Education Loan,458308.61,16.97,Approved,0,12,2401.88,2026-07-31,Low Risk
CUST00816,29,Female,20000.0,Islamabad Capital Territory,Fixed Deposit,91817.96,654.0,Business Loan,4633736.72,8.82,Approved,15,11,1444.78,2026-07-11,Medium Risk
CUST00817,31,Male,29293.0,Sindh,Fixed Deposit,128378.37,464.0,Car Loan,786256.17,8.62,Approved,0,7,1577.5,2026-08-12,High Risk
CUST00818,35,Female,52295.0,Punjab,Fixed Deposit,142502.15,630.0,No Loan,0.0,0.0,No Loan,0,7,3804.84,2026-06-29,Medium Risk
CUST00819,42,Male,69744.0,Islamabad Capital Territory,Savings,309871.38,640.0,Business Loan,3661949.69,11.33,Closed,0,17,100.0,2026-08-10,Medium Risk
CUST00820,37,Male,24423.0,Punjab,Savings,47609.76,649.0,No Loan,0.0,0.0,No Loan,5,14,1888.49,2026-08-08,Medium Risk
CUST00821,31,Male,50600.0,Balochistan,Fixed Deposit,86649.36,687.0,No Loan,0.0,0.0,No Loan,0,12,2961.27,2026-08-14,Medium Risk
CUST00822,25,Male,35866.0,Sindh,Savings,17258.77,645.0,Home Loan,3286258.77,14.41,Pending,6,7,1270.06,2026-07-20,Medium Risk
CUST00823,37,Female,47862.0,Sindh,Salary Account,130115.34,568.0,Personal Loan,224363.81,10.29,Approved,1,11,1442.69,2026-08-05,High Risk
CUST00824,30,Male,20000.0,Punjab,Savings,38822.61,574.0,Home Loan,4917125.17,12.94,Closed,9,6,476.53,2026-08-15,High Risk
CUST00825,41,Female,65327.0,Khyber Pakhtunkhwa,Fixed Deposit,167298.64,707.0,Personal Loan,1404769.59,16.41,Approved,0,10,3566.3,2026-08-24,Low Risk
CUST00826,28,Male,61744.0,Punjab,Fixed Deposit,43645.73,640.0,Business Loan,2671337.31,8.89,Approved,4,15,2450.66,2026-07-26,Medium Risk
CUST00827,42,Male,90191.0,Punjab,Current,276542.84,751.0,No Loan,0.0,0.0,No Loan,1,20,3281.55,2026-06-29,Low Risk
CUST00828,40,Male,75338.0,Punjab,Current,98096.88,644.0,No Loan,0.0,0.0,No Loan,2,14,4745.01,2026-07-27,Medium Risk
CUST00829,23,Male,30085.0,Balochistan,Savings,57051.48,685.0,Education Loan,1332355.05,10.79,Rejected,17,11,1382.0,2026-08-01,High Risk
CUST00830,35,Female,32046.0,Punjab,Salary Account,66740.41,669.0,Personal Loan,1335862.44,21.91,Approved,9,11,1422.66,2026-08-18,Medium Risk
CUST00831,33,Female,48881.0,Punjab,Savings,78150.83,576.0,No Loan,0.0,0.0,No Loan,6,9,1690.68,2026-08-18,High Risk
CUST00832,55,Female,24576.0,Sindh,Fixed Deposit,81193.98,641.0,Home Loan,4432150.0,13.38,Closed,4,7,913.13,2026-07-23,Medium Risk
CUST00833,36,Male,20000.0,Sindh,Salary Account,37674.17,648.0,Home Loan,2029300.54,13.37,Pending,3,5,782.41,2026-07-28,Medium Risk
CUST00834,42,Female,71982.0,Punjab,Savings,173240.63,622.0,Home Loan,2648142.23,16.6,Rejected,5,10,2367.45,2026-07-24,High Risk
CUST00835,31,Female,61961.0,Punjab,Current,136548.07,653.0,No Loan,0.0,0.0,No Loan,0,12,1657.2,2026-08-09,Medium Risk
CUST00836,35,Female,56940.0,Punjab,Savings,226770.75,716.0,Home Loan,4928425.38,15.54,Approved,1,12,2969.45,2026-07-21,Low Risk
CUST00837,53,Male,61743.0,Punjab,Salary Account,44812.32,668.0,No Loan,0.0,0.0,No Loan,26,16,4646.26,2026-08-05,Medium Risk
CUST00838,36,Female,42763.0,Punjab,Fixed Deposit,144507.33,674.0,Car Loan,598433.65,19.86,Rejected,5,12,3215.16,2026-07-06,High Risk
CUST00839,52,Male,56828.0,Sindh,Salary Account,121292.17,637.0,Car Loan,512490.3,12.24,Rejected,0,8,1456.87,2026-07-25,High Risk
CUST00840,41,Male,98917.0,Sindh,Current,278151.24,707.0,No Loan,0.0,0.0,No Loan,2,17,7655.92,2026-08-24,Low Risk
CUST00841,19,Female,37273.0,Sindh,Savings,132981.7,622.0,No Loan,0.0,0.0,No Loan,5,10,1951.86,2026-07-17,Medium Risk
CUST00842,23,Male,86562.0,Punjab,Current,339792.28,665.0,Personal Loan,294650.41,18.83,Approved,10,12,3898.9,2026-08-07,Medium Risk
CUST00843,39,Female,48300.0,Punjab,Savings,149689.54,671.0,No Loan,0.0,0.0,No Loan,1,15,1829.61,2026-08-04,Medium Risk
CUST00844,25,Male,20000.0,Sindh,Salary Account,5909.41,762.0,No Loan,0.0,0.0,No Loan,3,12,1518.37,2026-08-17,Low Risk
CUST00845,35,Male,35059.0,Punjab,Current,35842.77,641.0,No Loan,0.0,0.0,No Loan,11,8,1188.95,2026-08-17,Medium Risk
CUST00846,39,Male,62848.0,Balochistan,Current,140125.37,679.0,Personal Loan,111723.05,20.49,Closed,2,17,1989.44,2026-08-17,Medium Risk
CUST00847,25,Female,33881.0,Sindh,Current,69758.79,591.0,Car Loan,670934.69,18.92,Rejected,4,14,2356.26,2026-07-19,High Risk
CUST00848,39,Male,73164.0,Punjab,Current,282081.31,746.0,No Loan,0.0,0.0,No Loan,6,9,100.0,2026-07-15,Low Risk
CUST00849,19,Male,83794.0,Khyber Pakhtunkhwa,Fixed Deposit,110732.8,609.0,No Loan,0.0,0.0,No Loan,5,9,2711.88,2026-08-09,Medium Risk
CUST00850,29,Male,20000.0,Balochistan,Current,82792.25,618.0,Personal Loan,893338.23,14.48,Approved,2,10,326.65,2026-08-11,Medium Risk
CUST00851,28,Male,20000.0,Punjab,Current,70299.83,654.0,Car Loan,1219394.87,14.27,Pending,2,11,798.73,2026-08-18,Medium Risk
CUST00852,24,Male,20000.0,Sindh,Fixed Deposit,58533.89,522.0,No Loan,0.0,0.0,No Loan,6,15,1619.93,2026-06-29,High Risk
CUST00853,37,Male,81231.0,Khyber Pakhtunkhwa,Current,303885.94,558.0,Car Loan,1103312.4,9.08,Rejected,2,7,3478.1,2026-07-01,High Risk
CUST00854,21,Male,54920.0,Sindh,Savings,226779.78,607.0,Home Loan,2128201.97,20.51,Approved,0,14,3330.37,2026-08-03,Medium Risk
CUST00855,37,Male,33908.0,Punjab,Savings,65326.77,628.0,Personal Loan,1078916.59,19.42,Rejected,3,9,2133.71,2026-08-21,High Risk
CUST00856,54,Male,80070.0,Punjab,Fixed Deposit,168838.71,691.0,No Loan,0.0,0.0,No Loan,3,12,4391.76,2026-08-25,Medium Risk
CUST00857,24,Female,34185.0,Sindh,Savings,44311.62,672.0,Education Loan,1164562.61,19.82,Approved,7,12,1471.66,2026-08-10,Medium Risk
CUST00858,26,Male,20000.0,Punjab,Current,0.0,583.0,Car Loan,1335782.33,19.78,Rejected,2,12,1444.65,2026-07-23,High Risk
CUST00859,34,Female,28155.0,Khyber Pakhtunkhwa,Savings,71160.29,541.0,No Loan,0.0,0.0,No Loan,3,9,1448.43,2026-07-02,High Risk
CUST00860,30,Male,60655.0,Khyber Pakhtunkhwa,Savings,73618.56,628.0,No Loan,0.0,0.0,No Loan,7,19,4934.64,2026-08-04,Medium Risk
CUST00861,54,Male,59183.0,Sindh,Savings,7115.12,705.0,Car Loan,852746.84,9.62,Approved,1,9,1250.03,2026-08-18,Low Risk
CUST00862,37,Male,80297.0,Balochistan,Current,234974.68,694.0,Business Loan,464434.46,18.94,Approved,10,10,2448.2,2026-07-23,Medium Risk
CUST00863,54,Male,40592.0,Gilgit-Baltistan,Savings,175848.08,673.0,Home Loan,4350811.22,14.1,Rejected,0,8,2535.57,2026-08-07,High Risk
CUST00864,56,Male,24942.0,Sindh,Salary Account,70680.72,741.0,Car Loan,369762.51,14.42,Approved,0,6,1150.33,2026-08-20,Low Risk
CUST00865,24,Male,45431.0,Gilgit-Baltistan,Salary Account,51042.24,639.0,No Loan,0.0,0.0,No Loan,3,4,2107.26,2026-06-29,Medium Risk
CUST00866,28,Female,20000.0,Punjab,Savings,11022.63,604.0,Home Loan,1168593.0,17.13,Rejected,2,13,1111.7,2026-08-13,High Risk
CUST00867,59,Male,95852.0,Punjab,Current,79435.74,598.0,No Loan,0.0,0.0,No Loan,10,6,2676.65,2026-07-14,Medium Risk
CUST00868,40,Female,66756.0,Punjab,Savings,235019.95,696.0,Car Loan,862188.93,8.98,Rejected,4,8,3750.42,2026-07-19,High Risk
CUST00869,50,Female,65866.0,Punjab,Savings,247594.69,673.0,Personal Loan,418631.9,19.56,Pending,19,14,4590.32,2026-07-05,Medium Risk
CUST00870,46,Female,72173.0,Balochistan,Salary Account,66029.61,780.0,Car Loan,401216.6,13.0,Approved,3,11,3672.03,2026-07-28,Low Risk
CUST00871,41,Male,24769.0,Khyber Pakhtunkhwa,Savings,11477.29,696.0,No Loan,0.0,0.0,No Loan,6,10,829.71,2026-07-30,Medium Risk
CUST00872,37,Male,65841.0,Sindh,Savings,167864.92,674.0,Car Loan,1469146.79,9.49,Approved,1,9,100.0,2026-08-13,Medium Risk
CUST00873,62,Female,99523.0,Sindh,Savings,0.0,662.0,No Loan,0.0,0.0,No Loan,7,7,5130.14,2026-07-07,Medium Risk
CUST00874,47,Female,65845.0,Sindh,Salary Account,32474.88,625.0,No Loan,0.0,0.0,No Loan,13,8,1381.29,2026-07-01,Medium Risk
CUST00875,45,Female,67577.0,Sindh,Savings,181765.56,543.0,Personal Loan,1491116.65,15.84,Rejected,15,8,2552.36,2026-08-18,High Risk
CUST00876,46,Female,28361.0,Khyber Pakhtunkhwa,Current,106981.79,601.0,No Loan,0.0,0.0,No Loan,5,13,1717.9,2026-08-03,Medium Risk
CUST00877,26,Female,25282.0,Sindh,Savings,36216.32,582.0,Home Loan,2065070.62,17.28,Approved,16,18,2109.16,2026-07-11,Medium Risk
CUST00878,40,Female,64542.0,Azad Kashmir,Savings,239423.31,716.0,Business Loan,4506861.31,11.45,Approved,2,9,4660.58,2026-08-20,Low Risk
CUST00879,39,Female,37282.0,Islamabad Capital Territory,Salary Account,33934.8,617.0,Personal Loan,1140812.28,16.41,Pending,6,9,1085.15,2026-07-05,Medium Risk
CUST00880,42,Female,41332.0,Islamabad Capital Territory,Current,121426.08,717.0,Personal Loan,715079.57,9.53,Approved,2,9,2144.87,2026-07-24,Low Risk
CUST00881,32,Female,75295.0,Sindh,Savings,201343.64,634.0,No Loan,0.0,0.0,No Loan,12,11,4832.61,2026-07-12,Medium Risk
CUST00882,38,Male,71952.0,Punjab,Savings,44656.11,645.0,Home Loan,974664.16,16.93,Rejected,3,16,5198.23,2026-07-12,High Risk
CUST00883,22,Female,52105.0,Punjab,Current,197213.58,618.0,Business Loan,4605342.43,14.27,Approved,8,12,1518.41,2026-06-27,Medium Risk
CUST00884,41,Female,78682.0,Punjab,Savings,89329.47,645.0,No Loan,0.0,0.0,No Loan,1,14,6456.4,2026-08-14,Medium Risk
CUST00885,31,Male,20000.0,Punjab,Savings,65051.49,568.0,No Loan,0.0,0.0,No Loan,4,13,833.96,2026-08-20,High Risk
CUST00886,45,Female,63888.0,Khyber Pakhtunkhwa,Savings,54983.85,649.0,Car Loan,697167.2,13.1,Rejected,1,11,3297.03,2026-08-06,High Risk
CUST00887,20,Female,32499.0,Sindh,Salary Account,27074.41,741.0,Business Loan,1875978.88,12.47,Pending,5,17,2084.93,2026-07-06,Low Risk
CUST00888,43,Male,73674.0,Punjab,Current,107017.6,645.0,No Loan,0.0,0.0,No Loan,1,13,6157.35,2026-07-23,Medium Risk
CUST00889,48,Female,90081.0,Balochistan,Salary Account,127880.63,603.0,Personal Loan,838010.16,14.0,Approved,8,11,4597.77,2026-07-17,Medium Risk
CUST00890,38,Male,58486.0,Balochistan,Fixed Deposit,120990.54,566.0,Business Loan,4475193.04,18.28,Rejected,0,5,2816.49,2026-08-01,High Risk
CUST00891,38,Male,83729.0,Punjab,Fixed Deposit,315283.84,645.0,Car Loan,1368642.83,9.76,Approved,11,10,8152.42,2026-08-04,Medium Risk
CUST00892,47,Male,59688.0,Khyber Pakhtunkhwa,Fixed Deposit,167260.49,577.0,Business Loan,2481135.75,12.64,Approved,0,10,3835.58,2026-07-22,High Risk
CUST00893,37,Female,75210.0,Punjab,Fixed Deposit,60569.03,609.0,Home Loan,813072.45,14.62,Closed,4,17,4171.61,2026-07-12,Medium Risk
CUST00894,22,Male,62562.0,Khyber Pakhtunkhwa,Salary Account,137371.15,657.0,Personal Loan,327674.32,13.85,Approved,0,14,1354.29,2026-08-16,Medium Risk
CUST00895,27,Female,48940.0,Punjab,Savings,149810.72,676.0,Education Loan,899355.85,19.32,Approved,1,15,2986.98,2026-07-08,Medium Risk
CUST00896,59,Female,56634.0,Punjab,Salary Account,115732.68,767.0,No Loan,0.0,0.0,No Loan,2,11,3304.53,2026-07-20,Low Risk
CUST00897,33,Female,91029.0,Punjab,Current,270221.77,516.0,No Loan,0.0,0.0,No Loan,5,11,2942.2,2026-07-25,High Risk
CUST00898,38,Female,47671.0,Sindh,Salary Account,110546.11,672.0,Personal Loan,58523.73,11.7,Pending,1,14,2833.44,2026-07-11,Medium Risk
CUST00899,19,Male,20000.0,Punjab,Current,45751.92,653.0,Personal Loan,936005.09,9.25,Rejected,5,10,899.06,2026-07-31,High Risk
CUST00900,44,Female,80794.0,Khyber Pakhtunkhwa,Salary Account,105190.44,680.0,Car Loan,805085.24,9.62,Approved,3,16,3723.43,2026-07-31,Medium Risk
CUST00901,18,Female,29060.0,Punjab,Savings,12654.24,539.0,Personal Loan,891809.03,15.92,Approved,14,7,2229.18,2026-08-25,High Risk
CUST00902,27,Male,40049.0,Khyber Pakhtunkhwa,Savings,37420.48,645.0,No Loan,0.0,0.0,No Loan,2,12,2555.08,2026-07-14,Medium Risk
CUST00903,27,Male,71125.0,Sindh,Savings,221542.71,685.0,Business Loan,3222808.05,9.32,Approved,0,11,2197.95,2026-08-24,Medium Risk
CUST00904,18,Female,41789.0,Punjab,Savings,43356.71,610.0,Personal Loan,221617.11,10.94,Rejected,4,12,1581.7,2026-08-05,High Risk
CUST00905,34,Male,42568.0,Islamabad Capital Territory,Salary Account,122682.61,678.0,Education Loan,166449.41,17.72,Approved,2,13,1454.12,2026-07-13,Medium Risk
CUST00906,22,Male,20000.0,Balochistan,Savings,22796.33,673.0,Personal Loan,751082.98,12.23,Rejected,3,11,876.74,2026-07-30,High Risk
CUST00907,31,Male,38421.0,Punjab,Current,143809.54,571.0,No Loan,0.0,0.0,No Loan,13,5,2190.84,2026-08-07,High Risk
CUST00908,53,Male,48503.0,Sindh,Savings,11093.75,595.0,Personal Loan,1207771.49,16.13,Closed,3,10,3450.56,2026-08-10,Medium Risk
CUST00909,56,Male,91612.0,Khyber Pakhtunkhwa,Savings,211616.81,612.0,Business Loan,1191641.5,12.43,Closed,3,13,3150.71,2026-06-29,Medium Risk
CUST00910,38,Female,21871.0,Punjab,Current,39117.92,683.0,Personal Loan,128508.35,11.52,Approved,3,10,1054.79,2026-08-02,Medium Risk
CUST00911,44,Female,35995.0,Punjab,Current,135654.14,606.0,No Loan,0.0,0.0,No Loan,4,9,2306.0,2026-07-26,Medium Risk
CUST00912,40,Male,51144.0,Punjab,Savings,52015.14,626.0,No Loan,0.0,0.0,No Loan,0,9,2284.55,2026-08-20,Medium Risk
CUST00913,46,Female,80396.0,Punjab,Fixed Deposit,175481.93,567.0,No Loan,0.0,0.0,No Loan,7,9,4032.77,2026-07-14,High Risk
CUST00914,36,Male,41730.0,Punjab,Salary Account,22239.49,613.0,Personal Loan,393283.22,20.35,Approved,1,13,2016.89,2026-08-13,Medium Risk
CUST00915,18,Male,36881.0,Khyber Pakhtunkhwa,Current,95107.43,558.0,Business Loan,3811399.58,15.04,Rejected,0,13,658.99,2026-08-02,High Risk
CUST00916,43,Female,77116.0,Sindh,Savings,151100.9,661.0,No Loan,0.0,0.0,No Loan,9,12,5018.16,2026-07-18,Medium Risk
CUST00917,42,Male,34505.0,Islamabad Capital Territory,Salary Account,59609.64,656.0,No Loan,0.0,0.0,No Loan,1,15,670.37,2026-08-04,Medium Risk
CUST00918,55,Female,91467.0,Punjab,Current,280442.07,697.0,Personal Loan,718949.92,8.9,Closed,1,12,5016.58,2026-08-03,Medium Risk
CUST00919,31,Male,42478.0,Punjab,Savings,173081.04,550.0,No Loan,0.0,0.0,No Loan,7,12,2000.0,2026-08-06,High Risk
CUST00920,25,Female,85884.0,Khyber Pakhtunkhwa,Savings,308318.84,568.0,No Loan,0.0,0.0,No Loan,2,15,3948.88,2026-08-09,High Risk
CUST00921,41,Male,89692.0,Punjab,Savings,386908.97,583.0,No Loan,0.0,0.0,No Loan,0,13,4772.84,2026-08-05,Medium Risk
CUST00922,56,Female,91411.0,Khyber Pakhtunkhwa,Savings,386425.65,649.0,Personal Loan,199735.07,12.3,Approved,5,6,4469.81,2026-08-16,Medium Risk
CUST00923,35,Male,45857.0,Sindh,Salary Account,160855.85,645.0,Personal Loan,1172133.14,9.44,Rejected,1,10,1473.31,2026-08-03,High Risk
CUST00924,56,Female,75468.0,Punjab,Current,278281.52,641.0,Personal Loan,1172232.35,12.93,Rejected,8,4,3968.74,2026-08-20,High Risk
CUST00925,28,Male,20000.0,Azad Kashmir,Fixed Deposit,70033.24,654.0,Personal Loan,1248573.03,17.67,Approved,2,12,893.2,2026-08-04,Medium Risk
CUST00926,47,Female,104917.0,Islamabad Capital Territory,Salary Account,53338.83,669.0,Car Loan,1418169.4,10.02,Rejected,1,12,2208.75,2026-07-15,High Risk
CUST00927,24,Female,71199.0,Islamabad Capital Territory,Salary Account,112038.37,681.0,Home Loan,1545845.58,9.41,Approved,1,12,1353.92,2026-07-23,Medium Risk
CUST00928,55,Male,72156.0,Azad Kashmir,Savings,245660.77,672.0,No Loan,0.0,0.0,No Loan,14,13,2989.93,2026-07-31,Medium Risk
CUST00929,38,Female,50238.0,Islamabad Capital Territory,Savings,85027.26,594.0,Business Loan,3371511.75,17.22,Rejected,0,18,2526.35,2026-08-09,High Risk
CUST00930,39,Female,59149.0,Khyber Pakhtunkhwa,Fixed Deposit,173266.34,639.0,No Loan,0.0,0.0,No Loan,2,22,3334.62,2026-07-02,Medium Risk
CUST00931,18,Male,20000.0,Sindh,Savings,56478.34,675.0,Car Loan,87675.39,21.26,Approved,11,8,609.43,2026-07-14,Medium Risk
CUST00932,48,Female,41968.0,Islamabad Capital Territory,Current,131705.89,795.0,Personal Loan,823003.9,14.44,Approved,5,14,2118.95,2026-08-10,Low Risk
CUST00933,26,Male,34915.0,Punjab,Savings,132420.09,643.0,Car Loan,670004.41,19.12,Closed,4,20,957.82,2026-07-07,Medium Risk
CUST00934,52,Male,77660.0,Sindh,Fixed Deposit,91326.93,674.0,Car Loan,451646.71,19.19,Pending,3,8,1603.03,2026-07-04,Medium Risk
CUST00935,32,Female,49370.0,Punjab,Savings,68257.25,662.0,Home Loan,1219422.49,20.76,Rejected,5,11,915.11,2026-07-29,High Risk
CUST00936,23,Female,20000.0,Punjab,Savings,46262.48,664.0,Personal Loan,306699.59,15.28,Approved,6,9,1089.21,2026-08-24,Medium Risk
CUST00937,39,Female,59289.0,Punjab,Savings,40686.83,658.0,Car Loan,1124760.44,21.02,Rejected,17,10,338.82,2026-07-28,High Risk
CUST00938,46,Male,86253.0,Khyber Pakhtunkhwa,Savings,236780.29,604.0,Business Loan,97055.7,21.45,Rejected,20,5,4606.63,2026-08-20,High Risk
CUST00939,32,Male,72186.0,Punjab,Salary Account,129223.9,640.0,No Loan,0.0,0.0,No Loan,1,11,5746.27,2026-08-15,Medium Risk
CUST00940,43,Male,39415.0,Punjab,Savings,83013.75,680.0,Car Loan,799217.82,15.47,Closed,1,10,2004.07,2026-07-12,Medium Risk
CUST00941,48,Male,27757.0,Punjab,Savings,66924.71,635.0,Education Loan,881267.08,19.24,Approved,3,9,1911.44,2026-08-15,Medium Risk
CUST00942,36,Male,84468.0,Khyber Pakhtunkhwa,Current,201766.61,665.0,No Loan,0.0,0.0,No Loan,2,14,4885.7,2026-07-25,Medium Risk
CUST00943,39,Male,100808.0,Khyber Pakhtunkhwa,Savings,368392.42,645.0,Car Loan,1212775.46,12.01,Approved,5,14,3149.34,2026-08-14,Medium Risk
CUST00944,56,Male,58816.0,Khyber Pakhtunkhwa,Savings,208352.87,673.0,No Loan,0.0,0.0,No Loan,2,16,3224.38,2026-08-10,Medium Risk
CUST00945,27,Male,61123.0,Khyber Pakhtunkhwa,Savings,225836.42,591.0,Personal Loan,732610.64,10.79,Pending,1,10,2043.58,2026-07-17,Medium Risk
CUST00946,19,Female,20000.0,Sindh,Savings,47170.87,614.0,Car Loan,1450088.85,15.39,Closed,1,11,789.05,2026-07-03,Medium Risk
CUST00947,18,Male,20000.0,Punjab,Savings,82834.79,559.0,No Loan,0.0,0.0,No Loan,2,9,303.18,2026-08-23,High Risk
CUST00948,49,Male,118308.0,Sindh,Salary Account,227980.18,731.0,No Loan,0.0,0.0,No Loan,0,16,5829.16,2026-07-05,Low Risk
CUST00949,25,Male,51918.5,Khyber Pakhtunkhwa,Savings,374615.81,737.0,Personal Loan,625827.59,17.43,Approved,2,13,4362.16,2026-08-23,Low Risk
CUST00950,31,Female,96887.0,Sindh,Salary Account,97240.85,610.0,Home Loan,819923.45,21.51,Closed,2,13,4806.21,2026-08-17,Medium Risk
CUST00951,46,Female,84429.0,Sindh,Salary Account,411911.05,697.0,No Loan,0.0,0.0,No Loan,1,10,4697.52,2026-08-09,Medium Risk
CUST00952,42,Male,106821.0,Sindh,Current,97240.85,736.0,Personal Loan,84151.52,13.42,Approved,8,14,4548.3,2026-08-24,Low Risk
CUST00953,54,Female,106061.0,Khyber Pakhtunkhwa,Savings,326509.03,682.0,Car Loan,910611.37,21.98,Approved,3,10,1375.43,2026-08-24,Medium Risk
CUST00954,46,Male,55170.0,Gilgit-Baltistan,Current,181279.68,702.0,Car Loan,747855.09,18.4,Approved,1,8,2575.07,2026-08-14,Low Risk
CUST00955,34,Male,28614.0,Sindh,Fixed Deposit,36995.45,601.0,No Loan,0.0,0.0,No Loan,1,16,1681.33,2026-07-18,Medium Risk
CUST00956,36,Female,27963.0,Punjab,Savings,10811.06,668.0,No Loan,0.0,0.0,No Loan,3,13,1317.34,2026-08-13,Medium Risk
CUST00957,22,Male,51189.0,Punjab,Current,163795.6,714.0,Home Loan,4995790.36,18.61,Approved,2,13,2475.87,2026-06-27,Low Risk
CUST00958,32,Female,28915.0,Islamabad Capital Territory,Savings,42267.41,669.0,Home Loan,3601807.47,12.77,Pending,0,15,458.39,2026-07-29,Medium Risk
CUST00959,61,Female,75867.0,Punjab,Salary Account,61987.42,601.0,No Loan,0.0,0.0,No Loan,0,13,2520.87,2026-07-24,Medium Risk
CUST00960,51,Male,65923.0,Punjab,Savings,143499.2,645.0,No Loan,0.0,0.0,No Loan,7,2,1341.56,2026-08-06,Medium Risk
CUST00961,66,Female,113558.0,Punjab,Savings,486316.05,691.0,No Loan,0.0,0.0,No Loan,3,12,5973.44,2026-08-06,Medium Risk
CUST00962,18,Female,34729.0,Punjab,Fixed Deposit,87419.09,619.0,No Loan,0.0,0.0,No Loan,5,11,772.87,2026-08-01,Medium Risk
CUST00963,28,Male,42244.0,Islamabad Capital Territory,Savings,86856.36,672.0,Personal Loan,1144348.6,16.12,Closed,11,14,285.0,2026-08-15,Medium Risk
CUST00964,48,Female,61732.0,Punjab,Savings,150759.37,654.0,Car Loan,556973.65,16.78,Closed,15,13,2101.58,2026-08-22,Medium Risk
CUST00965,25,Female,69722.0,Punjab,Savings,140466.45,670.0,No Loan,0.0,0.0,No Loan,7,14,5099.19,2026-07-03,Medium Risk
CUST00966,50,Female,98644.0,Punjab,Savings,0.0,754.0,Car Loan,321932.78,10.13,Approved,0,13,5114.54,2026-07-11,Low Risk
CUST00967,63,Male,114049.0,Punjab,Current,353984.29,712.0,Car Loan,75102.18,20.05,Closed,9,13,6995.22,2026-06-28,Low Risk
CUST00968,49,Male,87670.0,Punjab,Current,325591.11,635.0,Home Loan,1379342.83,14.32,Approved,5,16,5831.55,2026-08-19,Medium Risk
CUST00969,51,Male,99711.0,Islamabad Capital Territory,Savings,463871.54,699.0,Home Loan,1175146.92,11.93,Rejected,8,15,282.25,2026-07-30,High Risk
CUST00970,52,Female,30747.0,Punjab,Current,77663.0,701.0,Home Loan,4680142.19,20.14,Approved,0,11,2315.57,2026-08-20,Low Risk
CUST00971,35,Female,58444.0,Punjab,Salary Account,40834.77,668.0,No Loan,0.0,0.0,No Loan,1,11,1785.52,2026-07-10,Medium Risk
CUST00972,42,Female,45337.0,Islamabad Capital Territory,Savings,102071.8,553.0,Personal Loan,266783.44,14.62,Approved,1,17,3166.2,2026-06-30,High Risk
CUST00973,35,Female,41596.0,Sindh,Savings,33618.31,600.0,No Loan,0.0,0.0,No Loan,0,8,3227.95,2026-08-15,Medium Risk
CUST00974,43,Female,85133.0,Khyber Pakhtunkhwa,Current,134330.36,653.0,Business Loan,3498732.32,21.15,Approved,5,7,7113.18,2026-08-20,Medium Risk
CUST00975,41,Female,54279.0,Balochistan,Savings,33.66,588.0,No Loan,0.0,0.0,No Loan,17,6,1753.18,2026-07-15,Medium Risk
CUST00976,38,Male,63604.0,Khyber Pakhtunkhwa,Fixed Deposit,264.64,684.0,No Loan,0.0,0.0,No Loan,2,11,4445.17,2026-07-21,Medium Risk
CUST00977,41,Female,62220.0,Khyber Pakhtunkhwa,Current,36931.59,634.0,No Loan,0.0,0.0,No Loan,6,10,2599.34,2026-07-05,Medium Risk
CUST00978,36,Female,51918.5,Balochistan,Current,103208.13,485.0,Business Loan,2443360.02,19.74,Approved,0,12,4853.38,2026-08-22,High Risk
CUST00979,31,Male,51465.0,Sindh,Current,161466.22,646.0,Personal Loan,321614.88,8.92,Rejected,0,14,3290.86,2026-07-15,High Risk
CUST00980,23,Female,76865.0,Gilgit-Baltistan,Fixed Deposit,351389.67,695.0,No Loan,0.0,0.0,No Loan,1,13,731.86,2026-07-26,Medium Risk
CUST00981,53,Male,53734.0,Islamabad Capital Territory,Current,186453.65,674.0,No Loan,0.0,0.0,No Loan,1,21,1799.24,2026-07-02,Medium Risk
CUST00982,46,Male,73163.0,Punjab,Savings,266282.82,685.0,No Loan,0.0,0.0,No Loan,8,15,4004.27,2026-08-19,Medium Risk
CUST00983,40,Male,74645.0,Punjab,Savings,48452.34,677.0,Car Loan,271334.11,19.31,Rejected,4,8,5639.99,2026-07-05,High Risk
CUST00984,32,Female,60602.0,Punjab,Salary Account,192361.99,753.0,No Loan,0.0,0.0,No Loan,6,13,3716.85,2026-07-24,Low Risk
CUST00985,51,Female,91462.0,Punjab,Savings,97240.85,695.0,No Loan,0.0,0.0,No Loan,4,15,5286.86,2026-08-06,Medium Risk
CUST00986,50,Female,79085.0,Sindh,Current,221429.96,633.0,Personal Loan,26211.8,11.04,Approved,6,11,5158.23,2026-08-10,Medium Risk
CUST00987,30,Female,97777.0,Punjab,Savings,151068.41,612.0,Home Loan,785689.45,13.97,Approved,3,7,8158.59,2026-08-22,Medium Risk
CUST00988,42,Male,38625.0,Sindh,Current,77997.3,683.0,No Loan,0.0,0.0,No Loan,0,13,2333.7,2026-07-22,Medium Risk
CUST00989,25,Female,51918.5,Islamabad Capital Territory,Current,53912.87,598.0,No Loan,0.0,0.0,No Loan,4,23,2367.61,2026-08-10,Medium Risk
CUST00990,40,Male,60624.0,Sindh,Fixed Deposit,166556.25,692.0,Home Loan,3891843.36,21.37,Approved,3,10,4436.17,2026-07-06,Medium Risk
CUST00991,44,Male,74457.0,Gilgit-Baltistan,Savings,123528.44,610.0,Business Loan,164111.28,21.59,Pending,6,15,2780.51,2026-07-21,Medium Risk
CUST00992,53,Female,58087.0,Sindh,Savings,90170.02,725.0,Home Loan,1276294.01,14.02,Approved,6,7,2875.61,2026-07-02,Low Risk
CUST00993,21,Male,20000.0,Khyber Pakhtunkhwa,Savings,31951.95,657.0,No Loan,0.0,0.0,No Loan,3,11,1189.18,2026-07-26,Medium Risk
CUST00994,33,Female,71852.0,Balochistan,Current,235316.72,745.0,Personal Loan,1247549.6,9.31,Approved,7,13,440.24,2026-07-21,Low Risk
CUST00995,75,Female,150417.0,Khyber Pakhtunkhwa,Current,379420.61,764.0,Personal Loan,927870.87,8.9,Approved,8,12,5426.16,2026-08-23,Low Risk
CUST00996,47,Female,36243.0,Islamabad Capital Territory,Savings,150566.95,696.0,No Loan,0.0,0.0,No Loan,1,11,2602.42,2026-06-28,Medium Risk
CUST00997,48,Male,101589.0,Punjab,Fixed Deposit,258187.03,700.0,Home Loan,1435651.63,11.58,Pending,5,13,2688.66,2026-07-19,Low Risk
CUST00998,44,Male,32560.0,Balochistan,Savings,85624.37,695.0,Car Loan,538298.85,18.92,Rejected,3,15,2162.58,2026-07-23,High Risk
CUST00999,31,Female,79791.0,Azad Kashmir,Savings,258995.04,704.0,Business Loan,3884880.97,17.57,Approved,3,7,2821.63,2026-08-23,Low Risk
CUST01000,22,Male,36297.0,Punjab,Current,112979.45,616.0,Personal Loan,1485086.25,12.26,Closed,27,13,1775.11,2026-08-17,Medium Risk
CUST01001,18,Male,20000.0,Sindh,Savings,94393.7,639.0,No Loan,0.0,0.0,No Loan,0,9,1015.96,2026-07-02,Medium Risk
CUST01002,23,Male,43509.0,Punjab,Current,35770.23,651.0,No Loan,0.0,0.0,No Loan,2,5,453.08,2026-08-07,Medium Risk
CUST01003,43,Male,26692.0,Punjab,Current,66037.19,631.0,No Loan,0.0,0.0,No Loan,2,15,100.0,2026-07-29,Medium Risk
CUST01004,30,Male,43560.0,Islamabad Capital Territory,Current,41452.53,691.0,No Loan,0.0,0.0,No Loan,0,17,2361.51,2026-08-24,Medium Risk
CUST01005,51,Male,71807.0,Islamabad Capital Territory,Salary Account,41890.29,557.0,Car Loan,729580.42,21.11,Approved,1,18,5867.61,2026-07-18,High Risk
CUST01006,48,Male,43534.0,Balochistan,Savings,94448.14,650.0,No Loan,0.0,0.0,No Loan,14,15,1489.52,2026-07-20,Medium Risk
CUST01007,69,Female,67459.0,Sindh,Savings,239446.46,589.0,No Loan,0.0,0.0,No Loan,11,17,1743.44,2026-07-08,Medium Risk
CUST01008,56,Male,83113.0,Khyber Pakhtunkhwa,Current,237618.34,776.0,No Loan,0.0,0.0,No Loan,3,16,3542.47,2026-07-04,Low Risk
CUST01009,34,Male,27233.0,Khyber Pakhtunkhwa,Salary Account,24136.63,645.0,No Loan,0.0,0.0,No Loan,16,13,895.37,2026-08-16,Medium Risk
CUST01010,38,Female,95460.0,Islamabad Capital Territory,Fixed Deposit,358667.06,611.0,Business Loan,187240.36,9.27,Approved,6,12,5141.09,2026-07-24,Medium Risk
CUST01011,26,Male,68533.0,Punjab,Current,215725.08,566.0,Business Loan,1185128.8,10.64,Pending,6,8,4063.0,2026-08-05,High Risk
CUST01012,43,Male,39191.0,Sindh,Savings,80176.23,638.0,Home Loan,274389.95,13.38,Pending,2,14,1332.7,2026-08-04,Medium Risk
CUST01013,44,Male,63350.0,Punjab,Savings,74242.92,566.0,No Loan,0.0,0.0,No Loan,4,13,3140.47,2026-08-01,High Risk
CUST01014,57,Male,60044.0,Sindh,Savings,130020.55,737.0,Car Loan,530543.89,9.91,Closed,9,6,2945.69,2026-06-28,Low Risk
CUST01015,41,Male,20000.0,Balochistan,Savings,30119.96,599.0,No Loan,0.0,0.0,No Loan,23,14,2314.29,2026-08-13,Medium Risk
CUST01016,45,Male,54141.0,Khyber Pakhtunkhwa,Fixed Deposit,50242.52,756.0,No Loan,0.0,0.0,No Loan,0,13,4688.14,2026-07-11,Low Risk
CUST01017,45,Male,87018.0,Punjab,Current,346441.75,655.0,No Loan,0.0,0.0,No Loan,7,10,3908.2,2026-07-04,Medium Risk
CUST01018,45,Male,38133.0,Khyber Pakhtunkhwa,Current,140774.61,622.0,Business Loan,2115840.29,21.63,Pending,0,17,2083.22,2026-07-30,Medium Risk
CUST01019,44,Male,71384.0,Sindh,Savings,77371.45,587.0,Car Loan,1352599.87,12.65,Approved,9,8,6760.68,2026-07-01,Medium Risk
CUST01020,46,Male,33328.0,Sindh,Current,73386.22,608.0,Home Loan,2083965.19,8.81,Rejected,9,10,2945.72,2026-08-11,High Risk
CUST01021,29,Female,33799.0,Punjab,Fixed Deposit,20773.73,728.0,Home Loan,3638109.0,16.76,Approved,0,13,2424.65,2026-07-09,Low Risk
CUST01022,18,Male,20000.0,Balochistan,Fixed Deposit,82037.91,567.0,No Loan,0.0,0.0,No Loan,6,16,765.22,2026-07-09,High Risk
CUST01023,33,Male,52065.0,Sindh,Savings,8862.74,584.0,Car Loan,378748.86,12.25,Closed,3,11,4842.37,2026-08-18,Medium Risk
CUST01024,24,Male,20000.0,Khyber Pakhtunkhwa,Savings,26664.8,615.0,No Loan,0.0,0.0,No Loan,0,12,915.94,2026-07-16,Medium Risk
CUST01025,44,Female,47368.0,Punjab,Current,97240.85,608.0,Personal Loan,550317.93,17.32,Approved,1,11,2274.09,2026-07-05,Medium Risk
CUST01026,29,Female,61111.0,Punjab,Salary Account,116642.11,515.0,Business Loan,3744773.75,21.89,Rejected,3,12,2540.87,2026-08-20,High Risk
CUST01027,45,Male,64227.0,Punjab,Savings,58717.54,625.0,Home Loan,271840.74,21.43,Closed,1,14,2198.74,2026-06-27,Medium Risk
CUST01028,26,Male,20000.0,Balochistan,Current,49370.61,631.0,Car Loan,1175622.23,18.88,Approved,5,19,454.76,2026-08-17,Medium Risk
CUST01029,28,Male,49786.0,Islamabad Capital Territory,Current,88207.98,604.0,No Loan,0.0,0.0,No Loan,0,11,1365.17,2026-07-05,Medium Risk
CUST01030,65,Male,87641.0,Islamabad Capital Territory,Savings,98991.26,746.0,Business Loan,322041.48,21.2,Approved,5,11,3522.12,2026-07-04,Low Risk
CUST01031,35,Male,36899.0,Balochistan,Fixed Deposit,65999.71,648.0,No Loan,0.0,0.0,No Loan,7,14,889.32,2026-07-12,Medium Risk
CUST01032,54,Female,25943.0,Punjab,Savings,82573.39,543.0,No Loan,0.0,0.0,No Loan,3,5,1043.79,2026-07-07,High Risk
CUST01033,27,Female,69176.0,Islamabad Capital Territory,Savings,199695.78,593.0,Business Loan,4220032.47,13.92,Approved,0,12,1621.0,2026-08-05,Medium Risk
CUST01034,38,Male,49522.0,Punjab,Fixed Deposit,92019.05,634.0,Business Loan,3557587.45,8.94,Approved,10,14,4169.52,2026-06-28,Medium Risk
CUST01035,48,Female,51918.5,Balochistan,Current,262918.52,656.0,No Loan,0.0,0.0,No Loan,1,13,5708.81,2026-06-27,Medium Risk
CUST01036,45,Male,64217.0,Islamabad Capital Territory,Savings,80095.02,549.0,No Loan,0.0,0.0,No Loan,15,11,2976.79,2026-08-13,High Risk
CUST01037,37,Female,99208.0,Sindh,Fixed Deposit,230029.53,648.0,No Loan,0.0,0.0,No Loan,5,12,3574.52,2026-07-11,Medium Risk
CUST01038,36,Female,73886.0,Punjab,Savings,294978.32,674.0,No Loan,0.0,0.0,No Loan,6,7,3132.9,2026-07-16,Medium Risk
CUST01039,18,Female,20000.0,Sindh,Savings,87522.62,649.0,Car Loan,981604.62,20.67,Pending,13,13,1063.47,2026-07-07,Medium Risk
CUST01040,32,Male,95948.0,Islamabad Capital Territory,Fixed Deposit,182569.0,580.0,Personal Loan,1457236.15,16.25,Approved,2,12,3652.22,2026-06-30,Medium Risk
CUST01041,24,Male,43104.0,Punjab,Savings,108289.21,591.0,Personal Loan,768989.37,9.65,Approved,3,9,2853.35,2026-08-10,Medium Risk
CUST01042,35,Female,56395.0,Azad Kashmir,Fixed Deposit,154025.47,578.0,No Loan,0.0,0.0,No Loan,26,12,2286.05,2026-07-28,High Risk
CUST01043,18,Male,20000.0,Sindh,Savings,65699.76,605.0,Home Loan,3647442.48,12.61,Approved,2,14,1585.68,2026-08-10,Medium Risk
CUST01044,51,Female,65708.0,Punjab,Savings,162359.36,721.0,No Loan,0.0,0.0,No Loan,6,14,2370.97,2026-07-25,Low Risk
CUST01045,20,Female,40353.0,Punjab,Current,134856.19,543.0,No Loan,0.0,0.0,No Loan,2,17,1522.72,2026-08-12,High Risk
CUST01046,32,Male,30411.0,Islamabad Capital Territory,Savings,94172.94,587.0,Car Loan,1157719.26,18.73,Rejected,2,17,1052.97,2026-07-27,High Risk
CUST01047,45,Female,20000.0,Khyber Pakhtunkhwa,Current,56545.46,597.0,Car Loan,1039127.29,12.9,Rejected,0,7,1580.32,2026-07-03,High Risk
CUST01048,23,Female,29384.0,Sindh,Fixed Deposit,98472.91,585.0,Car Loan,1116806.98,12.81,Approved,6,10,1884.98,2026-07-27,Medium Risk
CUST01049,47,Male,22814.0,Punjab,Savings,30217.06,558.0,Car Loan,197431.09,11.36,Approved,0,14,939.79,2026-08-22,High Risk
CUST01050,27,Female,21197.0,Punjab,Savings,62668.72,710.0,No Loan,0.0,0.0,No Loan,3,8,1163.29,2026-06-29,Low Risk
CUST01051,45,Female,88616.0,Khyber Pakhtunkhwa,Savings,149370.54,614.0,No Loan,0.0,0.0,No Loan,4,16,4264.48,2026-08-12,Medium Risk
CUST01052,46,Male,94814.0,Sindh,Savings,358296.67,697.0,No Loan,0.0,0.0,No Loan,1,11,3526.64,2026-08-18,Medium Risk
CUST01053,35,Male,94487.0,Punjab,Savings,261670.66,654.0,No Loan,0.0,0.0,No Loan,7,14,6185.87,2026-07-28,Medium Risk
CUST01054,24,Female,20000.0,Punjab,Current,13518.27,640.0,No Loan,0.0,0.0,No Loan,3,10,726.38,2026-07-24,Medium Risk
CUST01055,30,Male,20000.0,Sindh,Current,48606.92,665.0,Business Loan,3767893.18,19.01,Closed,1,8,683.75,2026-08-23,Medium Risk
CUST01056,33,Male,20000.0,Balochistan,Current,47292.16,656.0,Education Loan,1249815.14,16.45,Rejected,5,5,1061.46,2026-06-30,High Risk
CUST01057,18,Female,45939.0,Khyber Pakhtunkhwa,Current,97240.85,686.0,Education Loan,351384.03,14.68,Approved,4,11,2596.82,2026-07-25,Medium Risk
CUST01058,53,Female,56690.0,Punjab,Salary Account,198746.43,725.0,Education Loan,1425942.13,21.78,Pending,12,9,1083.4,2026-07-21,Low Risk
CUST01059,37,Female,65459.0,Punjab,Current,173413.12,570.0,Home Loan,1905991.2,10.3,Closed,6,15,5002.65,2026-08-07,High Risk
CUST01060,18,Male,20375.0,Punjab,Salary Account,42073.61,575.0,Home Loan,1001548.42,14.57,Approved,4,14,1198.38,2026-07-26,High Risk
CUST01061,30,Female,28431.0,Khyber Pakhtunkhwa,Current,67425.57,611.0,No Loan,0.0,0.0,No Loan,0,11,884.31,2026-08-20,Medium Risk
CUST01062,38,Male,56755.0,Balochistan,Savings,68384.3,657.0,Personal Loan,919429.67,16.27,Approved,23,12,3816.65,2026-07-01,Medium Risk
CUST01063,49,Male,48955.0,Sindh,Salary Account,103868.41,656.0,Business Loan,4948338.25,10.06,Approved,0,14,1838.62,2026-07-01,Medium Risk
CUST01064,55,Female,81217.0,Sindh,Savings,219358.37,556.0,No Loan,0.0,0.0,No Loan,11,16,7706.98,2026-08-02,High Risk
CUST01065,20,Female,20000.0,Punjab,Savings,39187.42,616.0,Business Loan,1182848.47,11.08,Rejected,5,4,206.5,2026-06-30,High Risk
CUST01066,30,Female,20000.0,Islamabad Capital Territory,Savings,61587.36,770.0,Car Loan,705807.56,14.41,Pending,0,12,987.54,2026-07-13,Low Risk
CUST01067,57,Male,97921.0,Islamabad Capital Territory,Fixed Deposit,255427.38,624.0,Business Loan,3760624.72,18.73,Rejected,3,8,5714.85,2026-08-03,High Risk
CUST01068,28,Male,68325.0,Sindh,Savings,147261.56,718.0,Business Loan,3816986.09,11.02,Approved,5,15,1980.0,2026-07-29,Low Risk
CUST01069,29,Male,20000.0,Khyber Pakhtunkhwa,Fixed Deposit,64074.07,682.0,Car Loan,171571.42,17.18,Approved,5,16,1021.74,2026-07-16,Medium Risk
CUST01070,46,Female,51918.5,Punjab,Fixed Deposit,148243.56,713.0,Personal Loan,919989.76,16.92,Approved,3,7,3743.93,2026-08-25,Low Risk
CUST01071,41,Female,63263.0,Punjab,Fixed Deposit,203824.79,544.0,No Loan,0.0,0.0,No Loan,3,12,3115.21,2026-07-28,High Risk
CUST01072,52,Male,41933.0,Khyber Pakhtunkhwa,Savings,59718.6,679.0,No Loan,0.0,0.0,No Loan,7,11,3152.32,2026-07-24,Medium Risk
CUST01073,64,Male,105570.0,Azad Kashmir,Salary Account,471247.78,675.0,Car Loan,1449697.9,21.28,Rejected,7,8,3645.04,2026-08-02,High Risk
CUST01074,39,Male,63159.0,Punjab,Current,92945.95,758.0,No Loan,0.0,0.0,No Loan,3,12,3713.1,2026-07-02,Low Risk
CUST01075,22,Female,20000.0,Khyber Pakhtunkhwa,Savings,81406.3,559.0,Home Loan,1748989.37,19.53,Closed,3,6,860.12,2026-08-08,High Risk
CUST01076,37,Male,49609.0,Sindh,Fixed Deposit,169898.95,683.0,Business Loan,2297623.02,12.24,Closed,2,12,2660.15,2026-08-17,Medium Risk
CUST01077,24,Female,26249.0,Khyber Pakhtunkhwa,Savings,54398.71,600.0,No Loan,0.0,0.0,No Loan,1,9,2240.58,2026-08-05,Medium Risk
CUST01078,48,Male,55775.0,Punjab,Salary Account,139006.18,562.0,No Loan,0.0,0.0,No Loan,9,13,4081.13,2026-08-12,High Risk
CUST01079,18,Female,47028.0,Khyber Pakhtunkhwa,Savings,163670.91,661.0,Personal Loan,167590.93,18.54,Closed,5,13,2540.29,2026-08-09,Medium Risk
CUST01080,25,Female,38666.0,Balochistan,Savings,84655.51,675.0,No Loan,0.0,0.0,No Loan,1,9,1492.36,2026-07-09,Medium Risk
CUST01081,34,Male,40025.0,Punjab,Savings,53337.04,629.0,No Loan,0.0,0.0,No Loan,4,17,2492.84,2026-07-24,Medium Risk
CUST01082,32,Male,51918.5,Punjab,Salary Account,230144.23,656.0,No Loan,0.0,0.0,No Loan,10,15,4264.71,2026-07-10,Medium Risk
CUST01083,18,Female,20000.0,Khyber Pakhtunkhwa,Savings,71423.28,511.0,Car Loan,106770.48,10.52,Pending,1,9,946.34,2026-07-17,High Risk
CUST01084,26,Male,72478.0,Punjab,Salary Account,230262.58,619.0,Home Loan,3167559.43,12.98,Pending,6,10,3269.9,2026-07-24,Medium Risk
CUST01085,33,Female,51918.5,Sindh,Current,97613.2,558.0,No Loan,0.0,0.0,No Loan,4,7,1580.26,2026-07-21,High Risk
CUST01086,18,Female,21706.0,Sindh,Fixed Deposit,69970.78,520.0,Car Loan,1499809.73,17.2,Rejected,3,10,1123.86,2026-07-02,High Risk
CUST01087,36,Male,55747.0,Punjab,Current,16113.86,569.0,No Loan,0.0,0.0,No Loan,3,11,4870.09,2026-07-22,High Risk
CUST01088,36,Male,71514.0,Islamabad Capital Territory,Savings,181408.64,615.0,Education Loan,665183.05,21.8,Approved,6,13,3979.54,2026-08-05,Medium Risk
CUST01089,23,Female,57658.0,Islamabad Capital Territory,Savings,223558.69,620.0,No Loan,0.0,0.0,No Loan,0,14,1505.84,2026-07-19,Medium Risk
CUST01090,33,Male,52616.0,Sindh,Current,33442.05,711.0,Business Loan,3237914.92,18.13,Approved,0,7,3721.41,2026-07-06,Low Risk
CUST01091,47,Female,74435.0,Punjab,Savings,57208.79,658.0,No Loan,0.0,0.0,No Loan,3,16,2609.37,2026-08-21,Medium Risk
CUST01092,26,Male,28023.0,Punjab,Savings,39129.6,607.0,No Loan,0.0,0.0,No Loan,5,7,2272.64,2026-07-01,Medium Risk
CUST01093,27,Female,76976.0,Punjab,Savings,78022.23,639.0,Business Loan,2948076.64,21.12,Approved,5,9,3993.79,2026-08-15,Medium Risk
CUST01094,45,Female,31513.0,Punjab,Fixed Deposit,59379.67,645.0,Car Loan,767494.4,10.35,Approved,2,11,2345.95,2026-07-02,Medium Risk
CUST01095,36,Male,68853.0,Azad Kashmir,Current,86824.65,676.0,No Loan,0.0,0.0,No Loan,2,4,2120.88,2026-07-02,Medium Risk
CUST01096,34,Male,20000.0,Sindh,Savings,48422.03,722.0,Business Loan,4623040.79,17.08,Approved,11,15,1015.23,2026-08-10,Low Risk
CUST01097,32,Male,54783.0,Punjab,Current,107847.02,740.0,Car Loan,1387453.27,10.67,Approved,2,12,2493.39,2026-08-14,Low Risk
CUST01098,36,Female,51933.0,Punjab,Current,156237.08,610.0,Personal Loan,843776.73,19.88,Approved,0,16,356.22,2026-07-30,Medium Risk
CUST01099,40,Female,55464.0,Punjab,Savings,192441.25,562.0,Car Loan,428104.47,9.19,Closed,10,14,2536.95,2026-08-01,High Risk
CUST01100,33,Male,49096.0,Khyber Pakhtunkhwa,Savings,90757.09,585.0,Personal Loan,970643.8,14.65,Rejected,0,15,1838.39,2026-07-30,High Risk
CUST01101,29,Male,38821.0,Khyber Pakhtunkhwa,Fixed Deposit,136940.26,540.0,Home Loan,2635104.1,9.22,Pending,3,16,2178.6,2026-07-16,High Risk
CUST01102,52,Male,100356.0,Azad Kashmir,Current,194859.98,644.0,Personal Loan,52886.55,13.05,Closed,0,11,3050.19,2026-07-04,Medium Risk
CUST01103,36,Female,57984.0,Gilgit-Baltistan,Savings,142989.6,691.0,Personal Loan,1309963.78,13.33,Rejected,0,10,100.0,2026-07-18,High Risk
CUST01104,62,Male,62855.0,Punjab,Savings,197732.54,653.0,Personal Loan,1373742.57,21.04,Rejected,0,12,5368.62,2026-08-05,High Risk
CUST01105,51,Female,81259.0,Punjab,Savings,156480.7,608.0,No Loan,0.0,0.0,No Loan,0,8,3605.96,2026-08-11,Medium Risk
CUST01106,33,Female,67033.0,Khyber Pakhtunkhwa,Current,307423.46,586.0,No Loan,0.0,0.0,No Loan,4,13,427.44,2026-08-18,Medium Risk
CUST01107,44,Female,92960.0,Punjab,Salary Account,307578.99,695.0,No Loan,0.0,0.0,No Loan,0,12,6388.84,2026-08-09,Medium Risk
CUST01108,31,Female,67593.0,Sindh,Savings,41403.58,662.0,No Loan,0.0,0.0,No Loan,3,9,4570.38,2026-08-24,Medium Risk
CUST01109,36,Male,55662.0,Gilgit-Baltistan,Savings,97240.85,627.0,Personal Loan,150377.42,20.1,Rejected,11,12,2169.86,2026-08-02,High Risk
CUST01110,69,Female,119816.0,Khyber Pakhtunkhwa,Savings,365449.98,716.0,No Loan,0.0,0.0,No Loan,29,6,2816.01,2026-07-18,Low Risk
CUST01111,42,Female,76254.0,Islamabad Capital Territory,Savings,96746.45,723.0,Home Loan,4792661.97,9.36,Rejected,1,10,4281.37,2026-07-31,High Risk
CUST01112,59,Female,37806.0,Khyber Pakhtunkhwa,Current,32474.64,654.0,No Loan,0.0,0.0,No Loan,10,11,2583.15,2026-07-09,Medium Risk
CUST01113,48,Male,62974.0,Khyber Pakhtunkhwa,Savings,187231.1,698.0,Home Loan,3634178.29,15.25,Rejected,6,15,2578.88,2026-08-05,High Risk
CUST01114,27,Male,61324.0,Punjab,Current,51516.7,498.0,Business Loan,964586.69,17.7,Closed,3,17,4400.54,2026-07-10,High Risk
CUST01115,34,Male,48712.0,Sindh,Savings,123422.37,526.0,Business Loan,2244808.55,8.87,Pending,10,12,1982.34,2026-07-03,High Risk
CUST01116,30,Male,63014.0,Sindh,Savings,86397.46,737.0,Home Loan,2845406.57,11.76,Approved,0,9,1352.93,2026-08-16,Low Risk
CUST01117,45,Male,85967.0,Sindh,Salary Account,117459.1,720.0,Home Loan,535567.11,21.67,Approved,2,10,5536.3,2026-07-19,Low Risk
CUST01118,32,Male,55158.0,Azad Kashmir,Savings,57735.84,546.0,No Loan,0.0,0.0,No Loan,19,16,2834.55,2026-08-11,High Risk
CUST01119,42,Male,51729.0,Islamabad Capital Territory,Savings,138612.98,573.0,No Loan,0.0,0.0,No Loan,2,10,2763.4,2026-07-31,High Risk
CUST01120,38,Female,63714.0,Punjab,Salary Account,219002.93,720.0,No Loan,0.0,0.0,No Loan,0,9,4650.46,2026-08-14,Low Risk
CUST01121,27,Female,83635.0,Punjab,Fixed Deposit,194036.58,703.0,No Loan,0.0,0.0,No Loan,4,15,5593.22,2026-08-16,Low Risk
CUST01122,32,Male,20000.0,Khyber Pakhtunkhwa,Savings,45065.92,633.0,Personal Loan,1498262.57,11.14,Rejected,2,13,1301.33,2026-08-24,High Risk
CUST01123,45,Female,60029.0,Sindh,Current,20443.72,725.0,Personal Loan,237348.58,11.01,Approved,11,11,3204.8,2026-08-15,Low Risk
CUST01124,27,Male,78505.0,Punjab,Current,50036.19,581.0,No Loan,0.0,0.0,No Loan,3,15,2885.03,2026-08-02,Medium Risk
CUST01125,45,Male,75410.0,Islamabad Capital Territory,Current,212368.73,688.0,Personal Loan,493472.18,14.89,Closed,2,14,6542.48,2026-08-04,Medium Risk
CUST01126,42,Female,78352.0,Punjab,Current,192306.31,657.0,No Loan,0.0,0.0,No Loan,0,13,3658.13,2026-06-28,Medium Risk
CUST01127,44,Female,77960.0,Sindh,Savings,236878.7,608.0,Car Loan,1035629.32,17.31,Approved,0,18,6407.29,2026-08-21,Medium Risk
CUST01128,18,Male,23458.0,Punjab,Savings,73070.98,528.0,No Loan,0.0,0.0,No Loan,15,13,2521.3,2026-08-15,High Risk
CUST01129,60,Male,75905.0,Punjab,Current,261712.27,658.0,No Loan,0.0,0.0,No Loan,3,23,6319.51,2026-07-13,Medium Risk
CUST01130,52,Male,69550.0,Balochistan,Salary Account,196840.54,720.0,Home Loan,3494678.52,15.75,Approved,15,16,5822.55,2026-07-07,Low Risk
CUST01131,18,Female,35387.0,Punjab,Fixed Deposit,63013.54,595.0,No Loan,0.0,0.0,No Loan,1,14,2198.35,2026-08-08,Medium Risk
CUST01132,19,Female,20000.0,Sindh,Salary Account,35679.46,573.0,Car Loan,506472.13,10.14,Rejected,0,11,100.0,2026-07-15,High Risk
CUST01133,39,Male,20000.0,Punjab,Current,49756.05,565.0,Personal Loan,1156159.64,17.49,Rejected,3,12,997.13,2026-07-17,High Risk
CUST01134,18,Male,57713.0,Punjab,Savings,133406.18,499.0,No Loan,0.0,0.0,No Loan,5,17,4964.52,2026-06-27,High Risk
CUST01135,41,Female,60212.0,Punjab,Savings,150748.31,667.0,Car Loan,980221.96,12.75,Pending,18,17,1695.43,2026-08-18,Medium Risk
CUST01136,19,Male,37030.0,Punjab,Salary Account,132063.15,638.0,Car Loan,500444.59,16.91,Approved,4,9,3220.82,2026-07-30,Medium Risk
CUST01137,18,Male,75263.0,Punjab,Salary Account,199791.94,585.0,Personal Loan,918152.36,19.41,Pending,1,16,7566.96,2026-07-21,Medium Risk
CUST01138,32,Male,61957.0,Punjab,Current,177723.23,628.0,Home Loan,3888703.97,21.06,Approved,8,12,3825.04,2026-07-05,Medium Risk
CUST01139,18,Female,54904.0,Khyber Pakhtunkhwa,Savings,95303.15,665.0,No Loan,0.0,0.0,No Loan,1,10,100.0,2026-08-03,Medium Risk
CUST01140,39,Male,91785.0,Balochistan,Fixed Deposit,76846.22,581.0,Car Loan,424512.59,19.25,Approved,9,20,3517.71,2026-06-28,Medium Risk
CUST01141,27,Female,74687.0,Sindh,Current,97240.85,665.0,Home Loan,1340115.02,10.83,Approved,2,12,2583.83,2026-08-10,Medium Risk
CUST01142,43,Female,69174.0,Khyber Pakhtunkhwa,Current,241358.42,618.0,Car Loan,420391.57,16.99,Closed,1,9,3865.09,2026-07-09,Medium Risk
CUST01143,18,Male,20000.0,Khyber Pakhtunkhwa,Salary Account,55447.91,623.0,No Loan,0.0,0.0,No Loan,2,10,510.31,2026-07-22,Medium Risk
CUST01144,20,Female,28119.0,Sindh,Salary Account,41140.19,678.0,Car Loan,1200181.56,11.84,Pending,8,10,942.42,2026-07-17,Medium Risk
CUST01145,41,Male,59004.0,Balochistan,Savings,117347.36,619.0,Home Loan,2633553.27,21.36,Rejected,4,11,1304.51,2026-07-19,High Risk
CUST01146,38,Female,59369.0,Punjab,Current,163184.5,708.0,Business Loan,3828303.09,20.23,Approved,1,6,2304.44,2026-08-09,Low Risk
CUST01147,51,Female,66853.0,Punjab,Savings,289397.69,637.0,Education Loan,870375.8,18.75,Approved,3,4,1660.23,2026-08-12,Medium Risk
CUST01148,34,Female,36186.0,Khyber Pakhtunkhwa,Current,92258.74,576.0,Personal Loan,221142.93,12.82,Approved,11,13,2357.7,2026-07-31,High Risk
CUST01149,23,Male,20000.0,Khyber Pakhtunkhwa,Current,33941.06,608.0,No Loan,0.0,0.0,No Loan,0,14,409.51,2026-07-02,Medium Risk
CUST01150,42,Female,79569.0,Punjab,Savings,318540.46,601.0,Business Loan,265555.56,18.84,Rejected,2,9,3013.02,2026-06-30,High Risk
CUST01151,28,Female,89446.0,Sindh,Fixed Deposit,280594.71,705.0,Car Loan,635277.29,16.53,Approved,0,12,4415.17,2026-07-06,Low Risk
CUST01152,54,Male,51918.5,Punjab,Current,222741.09,725.0,Car Loan,329158.73,9.41,Approved,3,14,3991.96,2026-08-03,Low Risk
CUST01153,58,Female,47764.0,Sindh,Savings,97215.25,592.0,No Loan,0.0,0.0,No Loan,0,14,4207.7,2026-08-06,Medium Risk
CUST01154,36,Female,20000.0,Sindh,Savings,44081.57,645.0,No Loan,0.0,0.0,No Loan,4,13,1035.69,2026-07-13,Medium Risk
CUST01155,34,Female,40240.0,Khyber Pakhtunkhwa,Savings,16793.34,691.0,Personal Loan,392603.02,10.9,Pending,1,15,3602.05,2026-08-05,Medium Risk
CUST01156,36,Female,69496.0,Punjab,Current,97240.85,691.0,Personal Loan,699027.43,16.78,Approved,1,14,1685.45,2026-07-26,Medium Risk
CUST01157,32,Male,20000.0,Balochistan,Current,59594.21,607.0,No Loan,0.0,0.0,No Loan,0,10,1080.37,2026-07-23,Medium Risk
CUST01158,43,Female,59926.0,Punjab,Savings,91014.3,659.0,No Loan,0.0,0.0,No Loan,5,11,2336.57,2026-07-13,Medium Risk
CUST01159,38,Male,49570.0,Gilgit-Baltistan,Savings,63541.92,641.0,No Loan,0.0,0.0,No Loan,1,15,1230.03,2026-08-11,Medium Risk
CUST01160,41,Male,82794.0,Punjab,Fixed Deposit,149383.12,694.0,No Loan,0.0,0.0,No Loan,8,14,3487.13,2026-07-03,Medium Risk
CUST01161,37,Male,33662.0,Azad Kashmir,Fixed Deposit,64104.13,673.0,Personal Loan,194880.71,20.34,Pending,1,10,729.13,2026-07-22,Medium Risk
CUST01162,43,Male,77123.0,Punjab,Fixed Deposit,118717.99,629.0,Car Loan,124025.67,21.3,Rejected,3,5,5398.6,2026-07-13,High Risk
CUST01163,30,Female,20000.0,Punjab,Savings,60648.28,677.0,Home Loan,4224134.43,8.87,Approved,11,13,1185.8,2026-08-06,Medium Risk
CUST01164,32,Female,34140.0,Balochistan,Fixed Deposit,87805.61,685.0,Personal Loan,1068923.85,15.78,Closed,0,16,1733.84,2026-07-26,Medium Risk
CUST01165,38,Female,42485.0,Khyber Pakhtunkhwa,Savings,79958.82,648.0,Personal Loan,432824.26,21.31,Approved,0,15,2139.42,2026-08-06,Medium Risk
CUST01166,66,Male,81332.0,Punjab,Savings,272632.28,774.0,Car Loan,1152878.5,13.33,Pending,2,15,6451.76,2026-06-29,Low Risk
CUST01167,31,Male,20000.0,Punjab,Salary Account,40942.69,609.0,No Loan,0.0,0.0,No Loan,3,10,1269.59,2026-07-20,Medium Risk
CUST01168,18,Female,26821.0,Balochistan,Savings,52445.84,645.0,No Loan,0.0,0.0,No Loan,3,7,1055.3,2026-08-01,Medium Risk
CUST01169,18,Female,20000.0,Sindh,Current,79180.57,585.0,Home Loan,1510873.92,13.38,Rejected,1,18,1267.63,2026-06-27,High Risk
CUST01170,31,Male,20729.0,Punjab,Fixed Deposit,53847.72,645.0,No Loan,0.0,0.0,No Loan,6,11,1567.64,2026-07-15,Medium Risk
CUST01171,57,Female,92525.0,Punjab,Savings,282005.27,645.0,No Loan,0.0,0.0,No Loan,1,17,6971.34,2026-07-09,Medium Risk
CUST01172,32,Female,66197.0,Sindh,Current,45717.84,638.0,Business Loan,3065769.24,16.73,Approved,8,8,4364.95,2026-07-05,Medium Risk
CUST01173,25,Male,20000.0,Khyber Pakhtunkhwa,Savings,65601.54,623.0,No Loan,0.0,0.0,No Loan,17,14,1574.03,2026-07-12,Medium Risk
CUST01174,54,Male,20000.0,Sindh,Current,27500.07,603.0,No Loan,0.0,0.0,No Loan,0,12,927.95,2026-07-16,Medium Risk
CUST01175,34,Male,42868.0,Punjab,Savings,180418.77,724.0,Home Loan,4233948.41,9.69,Pending,3,16,3179.47,2026-06-27,Low Risk
CUST01176,27,Female,79907.0,Gilgit-Baltistan,Savings,73824.41,559.0,Home Loan,369337.42,15.06,Approved,6,13,5218.95,2026-08-10,High Risk
CUST01177,28,Male,28040.0,Sindh,Salary Account,57586.94,731.0,Business Loan,4846559.28,15.21,Approved,7,16,1398.25,2026-07-07,Low Risk
CUST01178,45,Male,20007.0,Punjab,Savings,73866.86,620.0,Car Loan,968223.08,9.35,Closed,0,13,785.74,2026-07-19,Medium Risk
CUST01179,38,Female,74240.0,Sindh,Savings,235555.18,627.0,Car Loan,170084.06,10.29,Approved,0,12,5628.95,2026-08-08,Medium Risk
CUST01180,59,Female,48949.0,Punjab,Fixed Deposit,17766.12,655.0,No Loan,0.0,0.0,No Loan,4,15,2283.83,2026-07-27,Medium Risk
CUST01181,46,Male,77468.0,Punjab,Savings,138104.57,654.0,Home Loan,4308817.81,15.46,Rejected,9,12,3658.71,2026-08-16,High Risk
CUST01182,18,Female,31707.0,Khyber Pakhtunkhwa,Savings,93291.33,652.0,Car Loan,1359610.38,17.03,Approved,0,11,2249.22,2026-08-14,Medium Risk
CUST01183,39,Male,78264.0,Khyber Pakhtunkhwa,Savings,69255.45,716.0,No Loan,0.0,0.0,No Loan,4,7,3811.76,2026-07-01,Low Risk
CUST01184,39,Female,48409.0,Punjab,Savings,28253.64,670.0,Personal Loan,35059.0,17.89,Rejected,5,11,2027.02,2026-08-17,High Risk
CUST01185,33,Female,55099.0,Sindh,Savings,67599.38,746.0,Home Loan,4834935.67,19.96,Pending,3,13,2565.37,2026-06-29,Low Risk
CUST01186,28,Female,61245.0,Punjab,Savings,42975.44,615.0,Home Loan,2416918.55,15.84,Approved,3,12,2939.03,2026-06-28,Medium Risk
CUST01187,18,Female,43494.0,Gilgit-Baltistan,Fixed Deposit,150674.4,720.0,Car Loan,1471608.54,16.96,Pending,1,11,1930.38,2026-08-21,Low Risk
CUST01188,54,Male,76155.0,Punjab,Savings,97240.85,680.0,Home Loan,4032881.09,14.81,Pending,2,20,3173.09,2026-08-17,Medium Risk
CUST01189,41,Male,71068.0,Punjab,Salary Account,160724.34,694.0,Home Loan,1707632.62,15.7,Rejected,0,9,3939.42,2026-07-31,High Risk
CUST01190,49,Female,70314.0,Azad Kashmir,Savings,94889.26,615.0,No Loan,0.0,0.0,No Loan,4,10,110.56,2026-07-31,Medium Risk
CUST01191,40,Male,26873.0,Islamabad Capital Territory,Fixed Deposit,58697.8,620.0,Business Loan,1833354.91,11.68,Closed,8,13,862.11,2026-08-08,Medium Risk
CUST01192,40,Female,51918.5,Islamabad Capital Territory,Salary Account,51143.09,701.0,No Loan,0.0,0.0,No Loan,0,12,3692.9,2026-07-22,Low Risk
CUST01193,43,Male,92516.0,Punjab,Fixed Deposit,291176.31,703.0,No Loan,0.0,0.0,No Loan,4,12,2205.11,2026-07-03,Low Risk
CUST01194,38,Female,45852.0,Balochistan,Current,162440.08,667.0,Home Loan,2365770.08,11.33,Closed,0,16,1560.32,2026-06-28,Medium Risk
CUST01195,44,Female,21028.0,Azad Kashmir,Salary Account,45447.37,552.0,Home Loan,3814259.37,16.39,Approved,10,16,410.7,2026-07-16,High Risk
CUST01196,39,Male,43614.0,Gilgit-Baltistan,Salary Account,82372.67,465.0,No Loan,0.0,0.0,No Loan,5,9,3345.59,2026-08-14,High Risk
CUST01197,62,Male,86457.0,Sindh,Savings,215382.86,699.0,No Loan,0.0,0.0,No Loan,1,10,4337.61,2026-08-03,Medium Risk
CUST01198,56,Female,81241.0,Punjab,Fixed Deposit,224358.98,620.0,No Loan,0.0,0.0,No Loan,0,9,2753.42,2026-08-15,Medium Risk
CUST01199,38,Female,25088.0,Khyber Pakhtunkhwa,Salary Account,102537.01,701.0,Personal Loan,1070411.04,21.9,Approved,0,12,1814.58,2026-08-21,Low Risk
CUST01200,48,Male,40044.0,Punjab,Salary Account,159941.62,615.0,Personal Loan,951100.88,16.39,Rejected,6,10,1923.88,2026-07-02,High Risk
CUST01201,50,Male,80810.0,Khyber Pakhtunkhwa,Fixed Deposit,192182.53,721.0,No Loan,0.0,0.0,No Loan,1,9,4900.51,2026-08-16,Low Risk
CUST01202,51,Male,65855.0,Punjab,Salary Account,79424.64,659.0,No Loan,0.0,0.0,No Loan,2,14,4183.24,2026-07-11,Medium Risk
CUST01203,43,Female,60122.0,Khyber Pakhtunkhwa,Savings,194443.28,564.0,Business Loan,1466254.51,12.0,Closed,8,8,3230.87,2026-08-01,High Risk
CUST01204,52,Female,118900.0,Punjab,Fixed Deposit,69193.85,614.0,No Loan,0.0,0.0,No Loan,1,11,5586.91,2026-07-28,Medium Risk
CUST01205,54,Female,51918.5,Punjab,Savings,129677.67,762.0,No Loan,0.0,0.0,No Loan,0,8,5631.4,2026-07-20,Low Risk
CUST01206,49,Male,63109.0,Khyber Pakhtunkhwa,Current,95173.74,676.0,Car Loan,401582.03,17.81,Approved,9,9,3615.64,2026-07-15,Medium Risk
CUST01207,37,Male,20000.0,Punjab,Fixed Deposit,33296.51,729.0,No Loan,0.0,0.0,No Loan,30,11,404.7,2026-07-17,Low Risk
CUST01208,39,Male,116492.0,Sindh,Salary Account,220146.99,650.0,Home Loan,1429703.81,13.63,Rejected,4,13,7881.67,2026-07-16,High Risk
CUST01209,25,Male,45882.0,Punjab,Savings,51761.12,561.0,Home Loan,4569888.5,19.18,Approved,12,10,4162.45,2026-07-07,High Risk
CUST01210,31,Female,31803.0,Sindh,Salary Account,8075.4,765.0,No Loan,0.0,0.0,No Loan,0,11,1365.95,2026-07-27,Low Risk
CUST01211,41,Male,36039.0,Sindh,Savings,74389.51,650.0,Personal Loan,645901.82,19.33,Approved,4,11,2838.45,2026-07-03,Medium Risk
CUST01212,37,Female,41859.0,Khyber Pakhtunkhwa,Savings,148772.73,758.0,No Loan,0.0,0.0,No Loan,0,8,1422.88,2026-07-27,Low Risk
CUST01213,59,Female,113422.0,Khyber Pakhtunkhwa,Savings,387552.44,698.0,No Loan,0.0,0.0,No Loan,5,9,9708.16,2026-08-20,Medium Risk
CUST01214,43,Female,64049.0,Punjab,Current,95795.26,565.0,No Loan,0.0,0.0,No Loan,4,19,2919.57,2026-07-17,High Risk
CUST01215,28,Male,83385.0,Punjab,Savings,280320.3,636.0,Personal Loan,772113.63,8.66,Approved,13,10,8501.0,2026-08-09,Medium Risk
CUST01216,23,Female,42964.0,Khyber Pakhtunkhwa,Fixed Deposit,29549.98,636.0,No Loan,0.0,0.0,No Loan,4,9,1879.99,2026-08-15,Medium Risk
CUST01217,27,Female,54375.0,Punjab,Savings,162694.08,676.0,No Loan,0.0,0.0,No Loan,0,17,3861.84,2026-08-14,Medium Risk
CUST01218,27,Female,20000.0,Gilgit-Baltistan,Current,27219.95,641.0,Personal Loan,1115739.57,19.29,Pending,1,14,681.55,2026-07-11,Medium Risk
CUST01219,50,Male,59778.0,Punjab,Savings,123213.98,654.0,No Loan,0.0,0.0,No Loan,0,8,3118.96,2026-07-05,Medium Risk
CUST01220,24,Male,30939.0,Punjab,Current,110236.97,645.0,No Loan,0.0,0.0,No Loan,10,11,982.98,2026-07-08,Medium Risk
CUST01221,35,Male,130798.0,Punjab,Current,327194.27,685.0,Car Loan,327144.6,11.31,Approved,6,13,7894.24,2026-08-02,Medium Risk
CUST01222,33,Female,27534.0,Punjab,Salary Account,40753.0,568.0,No Loan,0.0,0.0,No Loan,1,10,1065.64,2026-08-11,High Risk
CUST01223,38,Male,20000.0,Balochistan,Fixed Deposit,66443.76,624.0,Personal Loan,1422836.9,19.56,Rejected,10,13,752.88,2026-08-05,High Risk
CUST01224,31,Female,23441.0,Punjab,Savings,86496.04,644.0,No Loan,0.0,0.0,No Loan,11,12,2058.03,2026-07-07,Medium Risk
CUST01225,28,Male,23369.0,Khyber Pakhtunkhwa,Current,66151.85,585.0,Car Loan,837234.89,16.41,Approved,5,16,1445.66,2026-08-12,Medium Risk
CUST01226,24,Female,20075.0,Punjab,Fixed Deposit,30484.74,506.0,Personal Loan,694110.66,13.05,Rejected,7,14,1267.1,2026-07-26,High Risk
CUST01227,38,Male,34081.0,Sindh,Savings,116624.15,649.0,Business Loan,464033.3,16.13,Rejected,2,16,679.99,2026-08-11,High Risk
CUST01228,38,Female,62033.0,Punjab,Current,44258.99,678.0,Car Loan,159599.66,15.64,Approved,17,16,4013.49,2026-08-11,Medium Risk
CUST01229,45,Female,55424.0,Punjab,Fixed Deposit,173830.8,587.0,No Loan,0.0,0.0,No Loan,1,12,3276.49,2026-07-23,Medium Risk
CUST01230,30,Male,51585.0,Punjab,Salary Account,147930.94,506.0,Personal Loan,825930.82,19.37,Rejected,1,12,2307.06,2026-08-21,High Risk
CUST01231,28,Female,130911.0,Punjab,Salary Account,86259.64,736.0,No Loan,0.0,0.0,No Loan,6,7,7449.06,2026-07-30,Low Risk
CUST01232,25,Female,59814.0,Sindh,Fixed Deposit,178989.43,665.0,Home Loan,3657907.95,14.27,Approved,0,12,2728.64,2026-08-04,Medium Risk
CUST01233,32,Male,20000.0,Punjab,Savings,54843.68,634.0,No Loan,0.0,0.0,No Loan,0,14,1352.41,2026-08-03,Medium Risk
CUST01234,50,Male,61311.0,Punjab,Fixed Deposit,49977.33,624.0,No Loan,0.0,0.0,No Loan,5,14,3962.74,2026-08-17,Medium Risk
CUST01235,32,Male,56181.0,Punjab,Current,112026.58,645.0,Business Loan,206219.77,21.69,Approved,0,13,4017.61,2026-08-03,Medium Risk
CUST01236,40,Male,45230.0,Punjab,Savings,196772.69,609.0,Business Loan,3644703.8,15.1,Closed,0,14,2309.39,2026-07-06,Medium Risk
CUST01237,44,Male,108271.0,Punjab,Current,58927.24,648.0,Home Loan,4267336.73,13.64,Pending,0,11,6114.8,2026-07-01,Medium Risk
CUST01238,25,Female,35096.0,Islamabad Capital Territory,Savings,0.0,602.0,No Loan,0.0,0.0,No Loan,4,12,1864.07,2026-07-23,Medium Risk
CUST01239,23,Female,47468.0,Sindh,Savings,60993.38,711.0,Personal Loan,913076.19,9.26,Approved,4,14,3664.31,2026-07-15,Low Risk
CUST01240,36,Male,91400.0,Islamabad Capital Territory,Savings,284089.41,624.0,Personal Loan,43296.1,14.94,Approved,1,16,6445.55,2026-07-13,Medium Risk
CUST01241,42,Female,48038.0,Islamabad Capital Territory,Current,188984.7,687.0,No Loan,0.0,0.0,No Loan,0,9,2092.48,2026-06-30,Medium Risk
CUST01242,42,Female,23115.0,Sindh,Savings,97272.08,634.0,Car Loan,977451.51,11.45,Pending,0,12,1185.12,2026-07-27,Medium Risk
CUST01243,29,Female,55260.0,Punjab,Savings,180431.46,666.0,Home Loan,2412337.38,16.66,Rejected,4,10,2688.82,2026-07-15,High Risk
CUST01244,27,Female,44525.0,Balochistan,Current,17183.14,604.0,Education Loan,984358.99,12.51,Closed,6,10,1298.19,2026-07-24,Medium Risk
CUST01245,37,Male,64928.0,Islamabad Capital Territory,Savings,220400.48,693.0,No Loan,0.0,0.0,No Loan,6,17,4686.63,2026-06-30,Medium Risk
CUST01246,35,Female,77582.0,Punjab,Fixed Deposit,81939.06,652.0,Car Loan,826267.88,12.98,Approved,7,11,1021.65,2026-08-15,Medium Risk
CUST01247,40,Female,69409.0,Punjab,Fixed Deposit,292168.14,652.0,Home Loan,1690453.59,17.38,Approved,0,11,2777.74,2026-07-01,Medium Risk
CUST01248,18,Male,69572.0,Punjab,Savings,97240.85,671.0,Home Loan,4778668.74,13.79,Rejected,2,11,4245.84,2026-08-17,High Risk
CUST01249,33,Male,47280.0,Sindh,Salary Account,97240.85,626.0,No Loan,0.0,0.0,No Loan,14,14,3315.51,2026-08-17,Medium Risk
CUST01250,65,Female,131033.0,Punjab,Savings,392838.26,703.0,Education Loan,1059055.1,14.09,Approved,2,12,8937.66,2026-08-02,Low Risk
CUST01251,26,Male,28495.0,Punjab,Savings,34971.52,624.0,No Loan,0.0,0.0,No Loan,4,7,1113.74,2026-07-27,Medium Risk
CUST01252,34,Male,55738.0,Khyber Pakhtunkhwa,Fixed Deposit,19940.69,574.0,Education Loan,1171356.09,21.66,Rejected,2,11,1565.11,2026-07-24,High Risk
CUST01253,35,Male,82426.0,Punjab,Fixed Deposit,361823.67,607.0,Car Loan,86572.08,8.89,Rejected,1,12,6035.58,2026-07-30,High Risk
CUST01254,56,Male,76580.0,Azad Kashmir,Current,99729.56,586.0,Car Loan,713284.21,9.82,Rejected,0,14,3638.96,2026-08-13,High Risk
CUST01255,38,Female,24586.0,Sindh,Salary Account,63782.15,563.0,No Loan,0.0,0.0,No Loan,6,16,1839.49,2026-08-19,High Risk
CUST01256,47,Male,67256.0,Punjab,Salary Account,109778.9,718.0,Personal Loan,526835.3,19.25,Approved,1,16,5136.49,2026-07-23,Low Risk
CUST01257,56,Female,64667.0,Islamabad Capital Territory,Fixed Deposit,143958.83,635.0,Personal Loan,1084201.99,12.44,Approved,11,12,4022.46,2026-08-14,Medium Risk
CUST01258,41,Male,84298.0,Punjab,Current,100160.72,701.0,Business Loan,3869272.34,13.18,Approved,0,18,4995.35,2026-08-05,Low Risk
CUST01259,45,Female,110310.0,Balochistan,Current,338927.23,695.0,No Loan,0.0,0.0,No Loan,5,6,6963.88,2026-07-16,Medium Risk
CUST01260,21,Female,32364.0,Khyber Pakhtunkhwa,Salary Account,101799.8,662.0,No Loan,0.0,0.0,No Loan,21,13,706.19,2026-07-25,Medium Risk
CUST01261,33,Male,39902.0,Sindh,Current,113290.17,623.0,No Loan,0.0,0.0,No Loan,2,11,1103.22,2026-07-06,Medium Risk
CUST01262,55,Male,43930.0,Sindh,Current,120672.58,614.0,No Loan,0.0,0.0,No Loan,0,12,3320.77,2026-06-30,Medium Risk
CUST01263,63,Female,74234.0,Islamabad Capital Territory,Current,226149.53,673.0,Car Loan,1199865.73,14.41,Closed,1,15,5812.14,2026-07-03,Medium Risk
CUST01264,36,Male,52760.0,Sindh,Fixed Deposit,180816.86,651.0,No Loan,0.0,0.0,No Loan,21,19,1996.28,2026-08-19,Medium Risk
CUST01265,32,Male,20000.0,Sindh,Fixed Deposit,48872.4,727.0,No Loan,0.0,0.0,No Loan,0,8,753.08,2026-07-17,Low Risk
CUST01266,45,Male,66485.0,Punjab,Savings,273725.45,767.0,Home Loan,1155231.68,17.76,Approved,1,18,1244.69,2026-08-08,Low Risk
CUST01267,33,Male,57568.0,Punjab,Salary Account,55848.42,645.0,No Loan,0.0,0.0,No Loan,2,17,556.92,2026-07-27,Medium Risk
CUST01268,40,Male,33881.0,Islamabad Capital Territory,Current,113276.78,719.0,Personal Loan,1295805.69,16.56,Approved,4,14,1426.96,2026-07-07,Low Risk
CUST01269,33,Male,53801.0,Khyber Pakhtunkhwa,Savings,98570.08,599.0,No Loan,0.0,0.0,No Loan,0,11,4161.67,2026-07-11,Medium Risk
CUST01270,33,Female,51417.0,Balochistan,Fixed Deposit,27051.72,634.0,Education Loan,761002.07,13.87,Pending,0,11,2658.05,2026-07-23,Medium Risk
CUST01271,24,Male,20555.0,Punjab,Current,56882.77,627.0,Business Loan,4858885.68,13.21,Approved,4,15,1610.14,2026-07-23,Medium Risk
CUST01272,47,Female,102510.0,Sindh,Current,264358.15,616.0,Car Loan,318815.19,21.13,Approved,2,8,4571.35,2026-07-28,Medium Risk
CUST01273,18,Male,28497.0,Punjab,Fixed Deposit,72719.5,615.0,No Loan,0.0,0.0,No Loan,0,18,2127.61,2026-07-06,Medium Risk
CUST01274,27,Female,20000.0,Sindh,Salary Account,41082.03,580.0,Personal Loan,360671.57,17.39,Approved,2,13,768.54,2026-07-19,Medium Risk
CUST01275,42,Male,83508.0,Punjab,Savings,154748.01,817.0,Home Loan,732108.87,18.52,Pending,14,9,4432.35,2026-07-13,Low Risk
CUST01276,30,Male,57167.0,Punjab,Current,62879.24,534.0,Business Loan,783034.8,17.08,Closed,12,15,1614.47,2026-07-21,High Risk
CUST01277,41,Female,52623.0,Khyber Pakhtunkhwa,Fixed Deposit,74624.49,666.0,No Loan,0.0,0.0,No Loan,0,19,4250.73,2026-07-17,Medium Risk
CUST01278,47,Male,43357.0,Khyber Pakhtunkhwa,Fixed Deposit,105356.06,672.0,No Loan,0.0,0.0,No Loan,8,11,3748.12,2026-08-01,Medium Risk
CUST01279,63,Female,105583.0,Islamabad Capital Territory,Salary Account,218877.57,786.0,Home Loan,4447110.5,15.01,Pending,9,16,2989.12,2026-08-13,Low Risk
CUST01280,36,Male,63708.0,Khyber Pakhtunkhwa,Savings,199752.41,703.0,Car Loan,584453.74,13.19,Pending,0,11,2332.52,2026-08-04,Low Risk
CUST01281,41,Male,57850.0,Punjab,Fixed Deposit,84127.3,684.0,Education Loan,309024.98,17.09,Rejected,4,13,2430.82,2026-06-30,High Risk
CUST01282,41,Male,50212.0,Punjab,Current,163238.98,634.0,Business Loan,578115.85,20.89,Closed,11,15,1393.12,2026-07-02,Medium Risk
CUST01283,47,Male,20706.0,Khyber Pakhtunkhwa,Salary Account,97240.85,753.0,No Loan,0.0,0.0,No Loan,0,17,1492.15,2026-08-06,Low Risk
CUST01284,36,Female,64661.0,Islamabad Capital Territory,Current,120541.3,614.0,No Loan,0.0,0.0,No Loan,1,19,2506.78,2026-07-14,Medium Risk
CUST01285,18,Male,66164.0,Punjab,Current,130502.25,656.0,Personal Loan,816396.37,11.67,Approved,1,14,3376.16,2026-08-09,Medium Risk
CUST01286,27,Female,55504.0,Punjab,Salary Account,155747.53,678.0,Education Loan,973111.82,9.74,Approved,0,13,5820.27,2026-08-05,Medium Risk
CUST01287,40,Male,20000.0,Sindh,Savings,36810.8,607.0,No Loan,0.0,0.0,No Loan,3,9,918.74,2026-08-20,Medium Risk
CUST01288,40,Male,35356.0,Punjab,Savings,140386.86,665.0,Education Loan,986906.53,21.6,Rejected,8,16,2773.51,2026-08-18,High Risk
CUST01289,36,Female,57354.0,Sindh,Current,189664.55,707.0,No Loan,0.0,0.0,No Loan,1,9,1723.19,2026-07-17,Low Risk
CUST01290,43,Female,92107.0,Punjab,Current,234347.21,675.0,No Loan,0.0,0.0,No Loan,11,14,5080.37,2026-07-31,Medium Risk
CUST01291,31,Female,84402.0,Khyber Pakhtunkhwa,Salary Account,325092.17,677.0,Personal Loan,386365.54,20.41,Approved,4,14,3259.89,2026-07-05,Medium Risk
CUST01292,25,Male,36488.0,Islamabad Capital Territory,Savings,141601.24,673.0,Personal Loan,424428.43,13.93,Pending,0,14,1300.8,2026-07-17,Medium Risk
CUST01293,28,Female,55658.0,Sindh,Salary Account,187370.65,683.0,Car Loan,1376026.07,8.65,Closed,1,11,2691.12,2026-08-24,Medium Risk
CUST01294,45,Female,22218.0,Sindh,Fixed Deposit,37003.1,668.0,Car Loan,666125.26,14.66,Pending,3,12,1444.65,2026-08-07,Medium Risk
CUST01295,18,Male,21034.0,Azad Kashmir,Current,49359.53,549.0,Car Loan,721085.19,15.49,Rejected,7,13,671.74,2026-07-20,High Risk
CUST01296,18,Male,29935.0,Azad Kashmir,Current,44145.21,589.0,No Loan,0.0,0.0,No Loan,8,14,1502.31,2026-08-01,Medium Risk
CUST01297,41,Female,92887.0,Azad Kashmir,Fixed Deposit,309199.78,645.0,Car Loan,1166053.37,8.51,Rejected,1,17,2389.59,2026-08-22,High Risk
CUST01298,47,Male,120901.0,Punjab,Current,90694.98,701.0,No Loan,0.0,0.0,No Loan,13,10,6823.7,2026-07-15,Low Risk
CUST01299,32,Female,27001.0,Punjab,Current,55473.5,743.0,Home Loan,2607965.14,20.04,Approved,0,9,1288.71,2026-07-19,Low Risk
CUST01300,24,Female,79676.0,Khyber Pakhtunkhwa,Fixed Deposit,104085.12,681.0,Home Loan,4852003.73,19.04,Approved,4,11,4506.19,2026-08-13,Medium Risk
CUST01301,48,Male,36290.0,Khyber Pakhtunkhwa,Salary Account,27823.09,685.0,Business Loan,2299792.82,11.16,Approved,3,11,1960.96,2026-08-14,Medium Risk
CUST01302,32,Female,72184.0,Punjab,Savings,23705.23,667.0,No Loan,0.0,0.0,No Loan,12,5,1458.68,2026-08-06,Medium Risk
CUST01303,32,Male,40751.0,Punjab,Current,61638.78,669.0,No Loan,0.0,0.0,No Loan,8,10,1427.69,2026-08-15,Medium Risk
CUST01304,31,Male,42343.0,Punjab,Fixed Deposit,0.0,561.0,Business Loan,3374062.55,9.84,Rejected,4,12,2292.29,2026-08-10,High Risk
CUST01305,30,Female,20000.0,Punjab,Fixed Deposit,77928.76,651.0,No Loan,0.0,0.0,No Loan,5,19,104.27,2026-08-07,Medium Risk
CUST01306,55,Male,93370.0,Punjab,Salary Account,333290.36,494.0,No Loan,0.0,0.0,No Loan,6,10,4615.98,2026-07-28,High Risk
CUST01307,32,Male,28834.0,Punjab,Current,117830.99,643.0,No Loan,0.0,0.0,No Loan,6,11,1308.27,2026-08-04,Medium Risk
CUST01308,36,Female,53600.0,Khyber Pakhtunkhwa,Salary Account,165886.5,532.0,Business Loan,2272694.77,10.71,Approved,3,12,2710.52,2026-07-22,High Risk
CUST01309,37,Male,23739.0,Islamabad Capital Territory,Savings,86836.92,664.0,Education Loan,939030.31,19.94,Approved,6,15,1927.48,2026-07-18,Medium Risk
CUST01310,23,Male,49979.0,Punjab,Salary Account,150553.91,704.0,No Loan,0.0,0.0,No Loan,1,16,2950.42,2026-07-18,Low Risk
CUST01311,57,Male,88650.0,Punjab,Savings,287578.89,634.0,No Loan,0.0,0.0,No Loan,1,8,2210.93,2026-07-07,Medium Risk
CUST01312,34,Male,33026.0,Sindh,Fixed Deposit,77662.44,624.0,Car Loan,1020482.31,17.89,Pending,5,14,1737.27,2026-07-09,Medium Risk
CUST01313,43,Male,93049.0,Punjab,Fixed Deposit,257292.34,686.0,No Loan,0.0,0.0,No Loan,1,15,2513.62,2026-08-22,Medium Risk
CUST01314,49,Male,46023.0,Sindh,Salary Account,185859.56,688.0,Business Loan,3948073.36,9.5,Approved,2,15,1757.75,2026-07-26,Medium Risk
CUST01315,40,Female,58138.0,Islamabad Capital Territory,Savings,170825.74,624.0,Home Loan,887860.52,15.2,Rejected,3,14,3961.11,2026-07-10,High Risk
CUST01316,40,Male,49124.0,Punjab,Savings,130827.81,702.0,Business Loan,3187725.01,11.41,Approved,9,11,1077.09,2026-07-05,Low Risk
CUST01317,21,Female,20000.0,Sindh,Savings,28235.12,598.0,Education Loan,892798.66,19.13,Approved,0,16,844.49,2026-07-01,Medium Risk
CUST01318,21,Male,72992.0,Azad Kashmir,Fixed Deposit,132691.99,706.0,No Loan,0.0,0.0,No Loan,8,17,4793.86,2026-08-16,Low Risk
CUST01319,29,Male,62696.0,Punjab,Savings,222856.62,597.0,Personal Loan,539258.51,9.63,Pending,9,15,1444.47,2026-07-03,Medium Risk
CUST01320,38,Male,97277.0,Punjab,Savings,369859.0,708.0,No Loan,0.0,0.0,No Loan,3,10,4651.17,2026-08-12,Low Risk
CUST01321,46,Male,46211.0,Sindh,Savings,114543.97,668.0,Personal Loan,582184.85,18.81,Pending,5,9,2055.34,2026-08-16,Medium Risk
CUST01322,23,Male,55659.0,Sindh,Savings,220241.02,688.0,Home Loan,2418865.64,15.42,Approved,13,15,3327.56,2026-08-19,Medium Risk
CUST01323,27,Female,51376.0,Punjab,Salary Account,117732.18,621.0,Car Loan,514933.39,17.01,Approved,0,12,1540.11,2026-06-29,Medium Risk
CUST01324,56,Male,75519.0,Khyber Pakhtunkhwa,Current,254666.67,700.0,No Loan,0.0,0.0,No Loan,7,19,5890.34,2026-07-17,Low Risk
CUST01325,34,Female,31857.0,Punjab,Fixed Deposit,87918.18,628.0,Personal Loan,661444.93,18.01,Rejected,3,14,1188.39,2026-08-11,High Risk
CUST01326,42,Male,84295.0,Khyber Pakhtunkhwa,Fixed Deposit,168514.04,645.0,No Loan,0.0,0.0,No Loan,9,20,3567.78,2026-07-04,Medium Risk
CUST01327,52,Male,94263.0,Sindh,Fixed Deposit,97240.85,640.0,Home Loan,504133.05,12.84,Rejected,11,16,4194.36,2026-07-19,High Risk
CUST01328,33,Female,20000.0,Balochistan,Savings,74993.13,587.0,Business Loan,4350349.29,16.25,Approved,2,15,412.79,2026-07-06,Medium Risk
CUST01329,57,Male,61621.0,Balochistan,Current,102895.92,628.0,No Loan,0.0,0.0,No Loan,1,15,4086.52,2026-08-15,Medium Risk
CUST01330,40,Male,88765.0,Punjab,Fixed Deposit,312978.23,633.0,No Loan,0.0,0.0,No Loan,1,15,6054.65,2026-08-12,Medium Risk
CUST01331,22,Female,27537.0,Punjab,Savings,72342.17,580.0,No Loan,0.0,0.0,No Loan,0,9,620.8,2026-08-14,Medium Risk
CUST01332,30,Male,62374.0,Punjab,Current,181500.07,636.0,No Loan,0.0,0.0,No Loan,6,12,3536.88,2026-07-06,Medium Risk
CUST01333,43,Male,21571.0,Punjab,Current,36812.81,766.0,Car Loan,644739.9,13.11,Approved,1,11,535.15,2026-07-23,Low Risk
CUST01334,41,Male,87181.0,Punjab,Current,241623.66,747.0,No Loan,0.0,0.0,No Loan,2,8,3807.86,2026-07-21,Low Risk
CUST01335,27,Female,38319.0,Islamabad Capital Territory,Savings,29494.25,579.0,No Loan,0.0,0.0,No Loan,0,12,1514.19,2026-08-06,High Risk
CUST01336,41,Male,63530.0,Islamabad Capital Territory,Current,1156.92,734.0,Personal Loan,297955.51,18.57,Approved,3,9,3549.79,2026-07-11,Low Risk
CUST01337,41,Female,51861.0,Sindh,Savings,107938.36,682.0,No Loan,0.0,0.0,No Loan,1,13,2564.06,2026-07-23,Medium Risk
CUST01338,46,Female,51395.0,Punjab,Savings,193132.41,600.0,No Loan,0.0,0.0,No Loan,0,12,4451.29,2026-07-14,Medium Risk
CUST01339,30,Male,51704.0,Punjab,Savings,222578.69,719.0,Personal Loan,938916.76,14.04,Approved,5,7,3128.21,2026-08-10,Low Risk
CUST01340,49,Female,21904.0,Khyber Pakhtunkhwa,Fixed Deposit,34417.91,709.0,Car Loan,101346.81,16.25,Closed,7,15,947.68,2026-07-23,Low Risk
CUST01341,28,Male,20000.0,Sindh,Savings,31935.6,594.0,Business Loan,106298.16,8.52,Pending,28,14,1114.75,2026-07-29,Medium Risk
CUST01342,52,Male,64277.0,Azad Kashmir,Savings,193989.57,666.0,Business Loan,2945359.42,9.66,Pending,3,18,1671.91,2026-07-15,Medium Risk
CUST01343,36,Male,59435.0,Punjab,Fixed Deposit,107099.15,678.0,No Loan,0.0,0.0,No Loan,1,11,1455.12,2026-08-14,Medium Risk
CUST01344,36,Male,129431.0,Balochistan,Current,237776.57,748.0,Car Loan,237468.23,13.12,Closed,12,13,8023.28,2026-07-25,Low Risk
CUST01345,36,Female,66283.0,Sindh,Savings,95521.45,629.0,No Loan,0.0,0.0,No Loan,11,7,3304.12,2026-08-16,Medium Risk
CUST01346,48,Female,62752.0,Khyber Pakhtunkhwa,Savings,81588.81,666.0,No Loan,0.0,0.0,No Loan,8,16,2461.95,2026-07-19,Medium Risk
CUST01347,51,Male,60542.0,Punjab,Savings,203989.83,727.0,No Loan,0.0,0.0,No Loan,8,9,2276.83,2026-08-22,Low Risk
CUST01348,46,Male,48842.0,Punjab,Fixed Deposit,75128.29,628.0,Car Loan,1318648.13,15.58,Approved,10,10,2932.37,2026-08-25,Medium Risk
CUST01349,57,Male,116099.0,Islamabad Capital Territory,Savings,55335.73,645.0,No Loan,0.0,0.0,No Loan,5,18,6469.68,2026-07-24,Medium Risk
CUST01350,58,Female,115375.0,Islamabad Capital Territory,Fixed Deposit,364028.29,565.0,Home Loan,2519618.72,11.35,Approved,3,13,7912.85,2026-07-13,High Risk
CUST01351,36,Female,75002.0,Balochistan,Salary Account,59716.85,600.0,Home Loan,1665931.31,17.15,Approved,17,7,4322.02,2026-07-19,Medium Risk
CUST01352,46,Male,110925.0,Gilgit-Baltistan,Salary Account,135536.71,645.0,Personal Loan,329593.2,17.37,Rejected,1,11,7368.83,2026-07-28,High Risk
CUST01353,33,Female,74050.0,Islamabad Capital Territory,Savings,206649.79,677.0,No Loan,0.0,0.0,No Loan,1,9,3646.6,2026-08-23,Medium Risk
CUST01354,41,Female,52709.0,Punjab,Current,130599.14,623.0,No Loan,0.0,0.0,No Loan,0,17,4289.71,2026-08-15,Medium Risk
CUST01355,24,Male,69158.0,Punjab,Current,159652.5,577.0,Personal Loan,428752.05,20.24,Approved,3,20,2717.68,2026-08-14,High Risk
CUST01356,57,Male,109147.0,Punjab,Current,482457.98,671.0,Business Loan,4131650.56,18.75,Approved,0,10,2338.22,2026-07-05,Medium Risk
CUST01357,36,Female,64538.0,Sindh,Current,137552.36,535.0,No Loan,0.0,0.0,No Loan,2,9,3035.32,2026-07-12,High Risk
CUST01358,23,Male,42511.0,Khyber Pakhtunkhwa,Fixed Deposit,38339.23,523.0,No Loan,0.0,0.0,No Loan,1,11,1930.77,2026-08-04,High Risk
CUST01359,30,Male,59965.0,Punjab,Fixed Deposit,129143.28,645.0,No Loan,0.0,0.0,No Loan,17,13,1112.62,2026-08-18,Medium Risk
CUST01360,38,Male,51561.0,Khyber Pakhtunkhwa,Current,260036.33,480.0,Home Loan,4370713.82,9.07,Closed,25,13,2978.39,2026-07-30,High Risk
CUST01361,28,Male,41026.0,Khyber Pakhtunkhwa,Savings,58222.18,637.0,No Loan,0.0,0.0,No Loan,3,15,1915.12,2026-07-03,Medium Risk
CUST01362,39,Female,63469.0,Punjab,Salary Account,241096.47,660.0,Car Loan,1047748.93,21.57,Pending,1,10,3150.39,2026-08-16,Medium Risk
CUST01363,30,Female,25696.0,Islamabad Capital Territory,Savings,54728.29,617.0,Home Loan,4483720.45,12.88,Approved,7,11,360.51,2026-08-17,Medium Risk
CUST01364,37,Male,39958.0,Punjab,Savings,136248.62,646.0,No Loan,0.0,0.0,No Loan,1,17,2559.83,2026-07-14,Medium Risk
CUST01365,31,Male,25506.0,Punjab,Savings,8111.23,575.0,No Loan,0.0,0.0,No Loan,1,9,1112.51,2026-08-11,High Risk
CUST01366,49,Female,40006.0,Punjab,Current,59930.99,576.0,No Loan,0.0,0.0,No Loan,2,11,2598.14,2026-07-13,High Risk
CUST01367,44,Female,48878.0,Khyber Pakhtunkhwa,Savings,177208.81,765.0,Car Loan,263868.31,14.3,Approved,6,10,3028.65,2026-08-20,Low Risk
CUST01368,52,Male,32260.0,Sindh,Savings,83498.88,575.0,Personal Loan,597663.55,15.47,Rejected,7,10,1773.31,2026-07-05,High Risk
CUST01369,31,Female,51918.5,Khyber Pakhtunkhwa,Salary Account,267252.81,720.0,No Loan,0.0,0.0,No Loan,19,11,2860.4,2026-07-23,Low Risk
CUST01370,36,Male,20000.0,Khyber Pakhtunkhwa,Fixed Deposit,47180.09,647.0,Personal Loan,471540.57,19.45,Pending,2,13,1135.81,2026-08-22,Medium Risk
CUST01371,47,Male,98143.0,Punjab,Fixed Deposit,140826.05,609.0,Personal Loan,569573.37,20.0,Pending,2,14,7378.48,2026-07-10,Medium Risk
CUST01372,26,Female,76383.0,Khyber Pakhtunkhwa,Savings,327265.31,600.0,No Loan,0.0,0.0,No Loan,2,16,3281.08,2026-07-24,Medium Risk
CUST01373,24,Female,20628.0,Punjab,Current,59928.67,624.0,No Loan,0.0,0.0,No Loan,13,7,704.54,2026-07-17,Medium Risk
CUST01374,32,Male,113006.0,Khyber Pakhtunkhwa,Salary Account,441719.05,652.0,Personal Loan,826192.82,15.97,Approved,6,15,3846.3,2026-06-28,Medium Risk
CUST01375,37,Male,77603.0,Punjab,Savings,95182.94,627.0,Business Loan,244454.23,12.66,Rejected,2,10,3370.22,2026-06-30,High Risk
CUST01376,35,Male,58302.0,Khyber Pakhtunkhwa,Current,259942.95,660.0,Home Loan,2559782.6,15.28,Rejected,1,14,3276.26,2026-07-27,High Risk
CUST01377,32,Female,20000.0,Punjab,Salary Account,33385.6,665.0,No Loan,0.0,0.0,No Loan,3,10,1324.24,2026-07-11,Medium Risk
CUST01378,30,Male,44752.0,Balochistan,Savings,78394.11,686.0,Home Loan,1354044.87,16.78,Approved,1,9,3366.2,2026-08-25,Medium Risk
CUST01379,35,Male,71049.0,Punjab,Savings,181531.07,769.0,Education Loan,1470887.12,14.32,Approved,2,10,5423.96,2026-07-19,Low Risk
CUST01380,34,Male,73622.0,Punjab,Savings,243563.37,607.0,Home Loan,4376800.26,16.85,Approved,3,20,2784.18,2026-06-28,Medium Risk
CUST01381,33,Male,41160.0,Sindh,Savings,127106.95,635.0,Home Loan,4989885.74,15.68,Approved,2,8,684.38,2026-08-21,Medium Risk
CUST01382,31,Male,47866.0,Punjab,Savings,135527.79,596.0,No Loan,0.0,0.0,No Loan,0,14,2460.98,2026-08-16,Medium Risk
CUST01383,28,Male,52417.0,Punjab,Salary Account,97240.85,637.0,No Loan,0.0,0.0,No Loan,0,8,1908.01,2026-08-04,Medium Risk
CUST01384,43,Female,66658.0,Punjab,Savings,206635.3,722.0,Home Loan,1363184.89,14.6,Rejected,7,9,2034.58,2026-08-13,High Risk
CUST01385,31,Female,48846.0,Sindh,Savings,157795.71,721.0,Car Loan,1128344.29,11.86,Approved,16,10,2725.07,2026-07-05,Low Risk
CUST01386,19,Female,51918.5,Sindh,Current,60436.08,644.0,Personal Loan,818851.44,21.86,Approved,16,7,584.78,2026-07-14,Medium Risk
CUST01387,53,Female,83772.0,Sindh,Current,246327.39,652.0,Home Loan,3578126.14,9.07,Approved,0,13,4732.29,2026-08-15,Medium Risk
CUST01388,22,Female,55846.0,Punjab,Salary Account,43321.15,587.0,No Loan,0.0,0.0,No Loan,7,12,2892.92,2026-08-07,Medium Risk
CUST01389,63,Male,71255.0,Islamabad Capital Territory,Current,251473.7,734.0,Car Loan,679898.47,9.6,Approved,25,16,6017.78,2026-07-05,Low Risk
CUST01390,43,Male,106936.0,Sindh,Savings,368967.98,647.0,No Loan,0.0,0.0,No Loan,6,12,6169.67,2026-08-08,Medium Risk
CUST01391,27,Male,43511.0,Sindh,Current,134572.44,685.0,No Loan,0.0,0.0,No Loan,4,13,2848.53,2026-07-23,Medium Risk
CUST01392,31,Male,57575.0,Khyber Pakhtunkhwa,Savings,6871.82,618.0,Personal Loan,599258.18,21.48,Pending,1,20,1401.28,2026-06-27,Medium Risk
CUST01393,18,Male,20000.0,Punjab,Savings,62881.27,629.0,Car Loan,875575.92,21.48,Approved,11,16,739.53,2026-07-01,Medium Risk
CUST01394,39,Female,58990.0,Punjab,Savings,127675.17,643.0,No Loan,0.0,0.0,No Loan,4,8,3988.29,2026-07-12,Medium Risk
CUST01395,36,Female,35391.0,Punjab,Savings,88692.8,626.0,Home Loan,394327.86,16.39,Rejected,0,11,2244.41,2026-08-16,High Risk
CUST01396,18,Male,63388.0,Punjab,Current,131971.59,705.0,Home Loan,3354963.11,19.33,Closed,4,17,1988.92,2026-07-29,Low Risk
CUST01397,35,Male,47851.0,Sindh,Fixed Deposit,89977.41,765.0,Personal Loan,586238.4,13.22,Approved,0,12,2119.07,2026-08-09,Low Risk
CUST01398,23,Female,44309.0,Punjab,Current,73690.15,573.0,No Loan,0.0,0.0,No Loan,5,13,1678.81,2026-07-28,High Risk
CUST01399,61,Male,60216.0,Sindh,Fixed Deposit,80615.67,750.0,No Loan,0.0,0.0,No Loan,3,19,3957.54,2026-07-03,Low Risk
CUST01400,58,Male,51918.5,Azad Kashmir,Fixed Deposit,80934.01,717.0,No Loan,0.0,0.0,No Loan,6,16,6740.07,2026-07-14,Low Risk
CUST01401,50,Female,75222.0,Punjab,Savings,232148.1,683.0,Personal Loan,42755.92,17.88,Approved,9,12,4941.13,2026-07-15,Medium Risk
CUST01402,45,Female,87355.0,Punjab,Savings,100309.23,655.0,Business Loan,4038210.97,9.47,Approved,8,11,2456.83,2026-06-29,Medium Risk
CUST01403,48,Female,50715.0,Sindh,Fixed Deposit,146332.61,670.0,No Loan,0.0,0.0,No Loan,1,14,1093.34,2026-07-22,Medium Risk
CUST01404,44,Male,71367.0,Punjab,Current,171088.25,664.0,Personal Loan,711098.28,16.47,Approved,2,9,1822.27,2026-08-13,Medium Risk
CUST01405,33,Male,40504.0,Balochistan,Savings,35040.17,601.0,No Loan,0.0,0.0,No Loan,2,8,1650.85,2026-07-24,Medium Risk
CUST01406,37,Female,82759.0,Sindh,Savings,235382.39,751.0,Personal Loan,971778.47,17.78,Approved,10,16,2708.59,2026-07-03,Low Risk
CUST01407,57,Female,65588.0,Balochistan,Current,120841.29,671.0,Home Loan,4304355.6,21.17,Approved,9,13,4033.26,2026-08-20,Medium Risk
CUST01408,28,Male,44126.0,Khyber Pakhtunkhwa,Savings,166401.35,687.0,No Loan,0.0,0.0,No Loan,0,7,2552.73,2026-08-01,Medium Risk
CUST01409,18,Female,58443.0,Sindh,Savings,34080.31,634.0,Education Loan,1262880.37,21.21,Pending,2,19,4271.29,2026-06-27,Medium Risk
CUST01410,35,Male,40362.0,Sindh,Savings,96383.89,704.0,Car Loan,454125.93,19.24,Approved,5,19,1632.05,2026-07-27,Low Risk
CUST01411,44,Male,91866.0,Punjab,Current,44615.11,589.0,No Loan,0.0,0.0,No Loan,3,10,3995.34,2026-07-11,Medium Risk
CUST01412,41,Male,40672.0,Sindh,Current,117539.26,694.0,Personal Loan,765986.87,9.31,Approved,11,9,1677.93,2026-07-05,Medium Risk
CUST01413,37,Male,38212.0,Balochistan,Savings,104146.34,648.0,Car Loan,762801.68,18.57,Rejected,0,13,2713.01,2026-07-22,High Risk
CUST01414,37,Female,20000.0,Sindh,Current,55779.74,549.0,Car Loan,966862.15,16.4,Rejected,0,10,1352.09,2026-08-02,High Risk
CUST01415,30,Male,71006.0,Islamabad Capital Territory,Savings,865.25,645.0,No Loan,0.0,0.0,No Loan,0,11,2432.91,2026-07-11,Medium Risk
CUST01416,34,Male,51918.5,Sindh,Fixed Deposit,70997.31,666.0,Business Loan,3597525.75,9.86,Rejected,0,9,375.58,2026-07-21,High Risk
CUST01417,50,Male,118942.0,Punjab,Salary Account,254565.4,687.0,Education Loan,677316.62,14.38,Rejected,5,11,5809.09,2026-08-05,High Risk
CUST01418,31,Male,20000.0,Sindh,Current,65301.9,670.0,Education Loan,1276024.66,12.01,Approved,1,11,1342.4,2026-07-02,Medium Risk
CUST01419,31,Female,51918.5,Sindh,Savings,29467.28,672.0,No Loan,0.0,0.0,No Loan,5,16,3726.59,2026-08-24,Medium Risk
CUST01420,44,Female,101372.0,Khyber Pakhtunkhwa,Current,305568.74,611.0,Personal Loan,588960.98,8.74,Approved,8,12,4786.84,2026-07-01,Medium Risk
CUST01421,34,Male,20000.0,Punjab,Salary Account,21434.3,653.0,No Loan,0.0,0.0,No Loan,0,12,570.0,2026-07-28,Medium Risk
CUST01422,36,Female,52473.0,Sindh,Salary Account,119898.25,585.0,Business Loan,3469245.45,16.73,Approved,7,13,1782.2,2026-07-27,Medium Risk
CUST01423,43,Male,39826.0,Khyber Pakhtunkhwa,Savings,28079.45,569.0,Home Loan,3584541.56,20.25,Approved,5,10,1039.4,2026-08-25,High Risk
CUST01424,37,Male,79502.0,Sindh,Current,225764.85,734.0,No Loan,0.0,0.0,No Loan,1,9,6683.37,2026-07-30,Low Risk
CUST01425,29,Male,74875.0,Punjab,Savings,85414.82,755.0,No Loan,0.0,0.0,No Loan,2,13,1250.91,2026-07-20,Low Risk
CUST01426,40,Male,20000.0,Punjab,Salary Account,82317.22,537.0,Home Loan,1800409.24,9.89,Rejected,1,14,1267.62,2026-07-25,High Risk
CUST01427,31,Male,45778.0,Sindh,Salary Account,129156.45,663.0,No Loan,0.0,0.0,No Loan,7,9,2581.78,2026-08-04,Medium Risk
CUST01428,48,Male,89433.0,Punjab,Savings,115552.95,835.0,Personal Loan,1226528.34,9.93,Approved,5,7,6227.8,2026-08-24,Low Risk
CUST01429,26,Female,58994.0,Punjab,Current,257036.71,675.0,Home Loan,335794.58,13.52,Closed,0,13,1890.25,2026-07-12,Medium Risk
CUST01430,44,Male,90199.0,Punjab,Savings,16314.82,672.0,No Loan,0.0,0.0,No Loan,5,8,5271.44,2026-06-27,Medium Risk
CUST01431,53,Male,23092.0,Sindh,Savings,21837.68,689.0,Personal Loan,1341023.99,18.88,Closed,1,12,747.65,2026-08-13,Medium Risk
CUST01432,40,Male,61537.0,Sindh,Current,206167.58,634.0,No Loan,0.0,0.0,No Loan,3,10,5139.6,2026-07-17,Medium Risk
CUST01433,41,Male,20000.0,Khyber Pakhtunkhwa,Savings,44685.1,596.0,No Loan,0.0,0.0,No Loan,10,8,1191.32,2026-08-09,Medium Risk
CUST01434,37,Male,50589.0,Punjab,Current,149189.3,734.0,Car Loan,691697.67,20.46,Approved,5,9,3268.13,2026-08-03,Low Risk
CUST01435,24,Male,20000.0,Punjab,Fixed Deposit,15533.27,579.0,Home Loan,2893796.42,12.38,Rejected,3,10,719.17,2026-08-12,High Risk
CUST01436,55,Female,76201.0,Punjab,Salary Account,119924.99,657.0,No Loan,0.0,0.0,No Loan,12,6,3286.97,2026-08-10,Medium Risk
CUST01437,37,Female,66043.0,Punjab,Savings,78505.33,644.0,No Loan,0.0,0.0,No Loan,3,14,3458.05,2026-07-16,Medium Risk
CUST01438,29,Female,69457.0,Balochistan,Savings,86574.01,606.0,Home Loan,2253738.25,20.79,Approved,1,12,6207.87,2026-06-29,Medium Risk
CUST01439,19,Female,38416.0,Sindh,Current,133951.12,656.0,Personal Loan,126706.62,10.61,Approved,2,10,3734.71,2026-07-29,Medium Risk
CUST01440,47,Male,68098.0,Punjab,Savings,69445.06,604.0,Personal Loan,595147.33,20.74,Closed,3,9,4656.28,2026-08-14,Medium Risk
CUST01441,43,Female,46331.0,Punjab,Salary Account,112801.71,560.0,No Loan,0.0,0.0,No Loan,18,14,3756.14,2026-07-07,High Risk
CUST01442,41,Female,116817.0,Sindh,Current,406263.3,608.0,Personal Loan,757632.63,20.7,Rejected,9,13,4483.63,2026-08-12,High Risk
CUST01443,46,Female,67563.0,Punjab,Current,187581.32,568.0,Business Loan,72173.41,12.64,Rejected,2,10,4758.68,2026-07-24,High Risk
CUST01444,37,Female,20000.0,Punjab,Current,69519.63,743.0,Personal Loan,707420.43,21.34,Approved,10,7,1277.53,2026-08-07,Low Risk
CUST01445,30,Female,28701.0,Gilgit-Baltistan,Savings,46513.55,772.0,No Loan,0.0,0.0,No Loan,14,14,1555.76,2026-08-03,Low Risk
CUST01446,43,Male,37356.0,Punjab,Fixed Deposit,157321.88,586.0,No Loan,0.0,0.0,No Loan,0,10,2433.04,2026-08-14,Medium Risk
CUST01447,57,Male,43908.0,Islamabad Capital Territory,Salary Account,97240.85,635.0,No Loan,0.0,0.0,No Loan,3,15,2670.33,2026-06-30,Medium Risk
CUST01448,18,Female,20000.0,Sindh,Salary Account,91683.2,579.0,No Loan,0.0,0.0,No Loan,2,15,764.52,2026-08-12,High Risk
CUST01449,67,Male,67034.0,Punjab,Current,0.0,648.0,No Loan,0.0,0.0,No Loan,5,11,4315.47,2026-07-24,Medium Risk
CUST01450,20,Male,39776.0,Khyber Pakhtunkhwa,Savings,72400.19,687.0,Education Loan,726868.08,18.96,Pending,3,15,1517.72,2026-07-14,Medium Risk
CUST01451,44,Male,58497.0,Sindh,Current,148417.8,592.0,No Loan,0.0,0.0,No Loan,17,8,2670.52,2026-06-29,Medium Risk
CUST01452,32,Male,20000.0,Punjab,Fixed Deposit,79709.2,697.0,Education Loan,1015895.49,19.34,Approved,4,12,554.46,2026-07-08,Medium Risk
CUST01453,57,Male,93105.0,Punjab,Current,117887.61,615.0,Home Loan,1831994.11,17.25,Rejected,16,10,4769.31,2026-06-29,High Risk
CUST01454,18,Male,21612.0,Punjab,Savings,5163.09,680.0,Home Loan,234960.02,11.7,Pending,4,9,1403.35,2026-08-22,Medium Risk
CUST01455,29,Female,20000.0,Khyber Pakhtunkhwa,Current,40487.69,639.0,No Loan,0.0,0.0,No Loan,0,13,1696.34,2026-07-27,Medium Risk
CUST01456,33,Female,58406.0,Islamabad Capital Territory,Current,45753.32,623.0,Car Loan,123162.93,11.52,Approved,3,13,2241.65,2026-08-25,Medium Risk
CUST01457,30,Male,42157.0,Khyber Pakhtunkhwa,Savings,99036.39,592.0,No Loan,0.0,0.0,No Loan,6,11,3022.82,2026-07-29,Medium Risk
CUST01458,32,Male,71677.0,Punjab,Savings,70166.76,694.0,No Loan,0.0,0.0,No Loan,8,12,4054.01,2026-07-12,Medium Risk
CUST01459,18,Male,45197.0,Punjab,Current,155892.23,603.0,No Loan,0.0,0.0,No Loan,6,13,3504.91,2026-08-11,Medium Risk
CUST01460,41,Male,42284.0,Azad Kashmir,Fixed Deposit,152358.23,585.0,Business Loan,2011836.74,12.06,Rejected,2,14,2604.34,2026-07-08,High Risk
CUST01461,32,Female,56780.0,Punjab,Savings,181557.99,553.0,No Loan,0.0,0.0,No Loan,2,12,3008.14,2026-07-18,High Risk
CUST01462,32,Female,20000.0,Islamabad Capital Territory,Savings,49630.05,621.0,No Loan,0.0,0.0,No Loan,2,13,820.05,2026-08-12,Medium Risk
CUST01463,38,Male,72774.0,Islamabad Capital Territory,Salary Account,321157.65,564.0,Personal Loan,725194.3,14.47,Pending,1,9,4828.53,2026-08-17,High Risk
CUST01464,18,Male,20000.0,Punjab,Salary Account,11388.27,653.0,Education Loan,1139530.27,17.71,Approved,4,9,1350.39,2026-07-16,Medium Risk
CUST01465,45,Female,82942.0,Punjab,Savings,190471.25,693.0,Car Loan,1147387.78,19.11,Approved,3,16,6348.7,2026-07-04,Medium Risk
CUST01466,33,Male,37393.0,Punjab,Savings,45509.99,651.0,Education Loan,784337.93,14.71,Approved,5,11,1435.09,2026-07-19,Medium Risk
CUST01467,27,Female,37630.0,Sindh,Current,66390.39,695.0,No Loan,0.0,0.0,No Loan,2,21,569.2,2026-08-19,Medium Risk
CUST01468,45,Female,55435.0,Punjab,Current,200421.09,617.0,No Loan,0.0,0.0,No Loan,4,11,2196.52,2026-08-10,Medium Risk
CUST01469,28,Male,25595.0,Punjab,Salary Account,22111.58,614.0,Car Loan,335996.82,16.68,Approved,0,13,1831.16,2026-08-19,Medium Risk
CUST01470,54,Male,51918.5,Khyber Pakhtunkhwa,Current,351741.63,666.0,Education Loan,1143904.74,15.96,Approved,0,7,5183.73,2026-07-20,Medium Risk
CUST01471,50,Male,46999.0,Sindh,Fixed Deposit,8593.38,578.0,Car Loan,438860.43,14.5,Approved,6,13,1742.42,2026-08-24,High Risk
CUST01472,24,Male,29457.0,Punjab,Current,110032.27,647.0,No Loan,0.0,0.0,No Loan,11,7,1015.36,2026-07-26,Medium Risk
CUST01473,46,Male,59075.0,Khyber Pakhtunkhwa,Fixed Deposit,135835.51,712.0,Business Loan,1434209.72,9.22,Approved,4,13,4014.88,2026-07-26,Low Risk
CUST01474,45,Female,97478.0,Khyber Pakhtunkhwa,Savings,175368.01,647.0,Home Loan,584943.01,10.2,Rejected,6,16,4840.01,2026-08-21,High Risk
CUST01475,22,Male,23356.0,Punjab,Fixed Deposit,57555.08,680.0,Car Loan,677144.61,14.22,Rejected,20,6,2107.52,2026-07-28,High Risk
CUST01476,27,Male,46531.0,Sindh,Current,146013.79,684.0,No Loan,0.0,0.0,No Loan,3,6,2665.19,2026-08-14,Medium Risk
CUST01477,26,Male,53121.0,Sindh,Current,104996.02,641.0,No Loan,0.0,0.0,No Loan,3,9,910.21,2026-08-09,Medium Risk
CUST01478,32,Male,22361.0,Sindh,Current,19059.24,618.0,No Loan,0.0,0.0,No Loan,3,21,891.58,2026-07-01,Medium Risk
CUST01479,44,Male,37325.0,Sindh,Current,120136.51,724.0,Car Loan,926428.14,10.52,Approved,2,10,1651.68,2026-08-02,Low Risk
CUST01480,33,Male,44200.0,Punjab,Savings,148415.24,573.0,Personal Loan,204414.76,19.26,Rejected,4,10,2398.37,2026-08-15,High Risk
CUST01481,49,Male,34112.0,Punjab,Current,114940.37,603.0,No Loan,0.0,0.0,No Loan,4,23,1797.74,2026-07-29,Medium Risk
CUST01482,48,Female,78378.0,Punjab,Salary Account,202603.18,593.0,No Loan,0.0,0.0,No Loan,4,10,3153.72,2026-07-16,Medium Risk
CUST01483,29,Female,36717.0,Islamabad Capital Territory,Savings,65992.04,625.0,Car Loan,1323532.22,8.97,Pending,2,14,1052.0,2026-07-01,Medium Risk
CUST01484,47,Male,54917.0,Punjab,Fixed Deposit,77673.18,650.0,Car Loan,525256.79,13.19,Pending,1,15,3974.31,2026-08-05,Medium Risk
CUST01485,38,Male,102293.0,Punjab,Salary Account,151814.63,683.0,No Loan,0.0,0.0,No Loan,10,10,4457.62,2026-07-15,Medium Risk
CUST01486,49,Female,78132.0,Sindh,Savings,150771.86,702.0,Business Loan,1552131.87,12.24,Approved,5,18,7247.61,2026-08-02,Low Risk
CUST01487,58,Male,66702.0,Punjab,Fixed Deposit,210992.29,667.0,No Loan,0.0,0.0,No Loan,0,23,3208.67,2026-07-22,Medium Risk
CUST01488,18,Male,20000.0,Sindh,Current,51444.1,581.0,Business Loan,2918532.14,21.41,Approved,3,14,818.04,2026-08-07,Medium Risk
CUST01489,42,Female,20000.0,Sindh,Current,55514.02,643.0,Car Loan,458069.61,12.73,Approved,2,12,1388.69,2026-07-18,Medium Risk
CUST01490,33,Male,37204.0,Punjab,Fixed Deposit,4022.58,580.0,No Loan,0.0,0.0,No Loan,7,12,2118.79,2026-06-29,Medium Risk
CUST01491,32,Female,36484.0,Sindh,Salary Account,149683.92,774.0,No Loan,0.0,0.0,No Loan,3,11,1593.22,2026-08-18,Low Risk
CUST01492,34,Female,43102.0,Sindh,Current,154402.65,604.0,Car Loan,1096956.31,15.01,Approved,4,12,1049.36,2026-07-18,Medium Risk
CUST01493,40,Male,55317.0,Balochistan,Fixed Deposit,212197.05,663.0,Home Loan,3747146.76,16.37,Approved,2,10,2989.99,2026-08-25,Medium Risk
CUST01494,18,Female,47669.0,Islamabad Capital Territory,Savings,93727.94,637.0,Education Loan,641010.99,19.52,Approved,1,11,2246.67,2026-07-13,Medium Risk
CUST01495,26,Male,65348.0,Punjab,Salary Account,34158.85,705.0,Business Loan,498484.93,13.28,Closed,6,5,258.62,2026-08-24,Low Risk
CUST01496,35,Male,46943.0,Balochistan,Savings,99135.33,575.0,Business Loan,2585531.2,10.62,Rejected,4,8,3028.29,2026-08-22,High Risk
CUST01497,18,Male,20000.0,Islamabad Capital Territory,Current,97240.85,622.0,Business Loan,1010813.65,9.73,Approved,2,10,1328.0,2026-07-01,Medium Risk
CUST01498,23,Male,51010.0,Sindh,Savings,174529.11,633.0,Personal Loan,399706.59,11.46,Approved,2,12,2155.84,2026-08-04,Medium Risk
CUST01499,43,Female,26540.0,Islamabad Capital Territory,Current,102225.78,580.0,No Loan,0.0,0.0,No Loan,2,15,1540.47,2026-07-18,Medium Risk
CUST01500,39,Male,63146.0,Punjab,Savings,227128.01,637.0,Business Loan,2650789.75,21.41,Rejected,5,11,3385.33,2026-08-14,High Risk
CUST01501,36,Male,81127.0,Punjab,Current,141313.3,704.0,No Loan,0.0,0.0,No Loan,13,11,3824.06,2026-08-06,Low Risk
CUST01502,24,Male,60296.0,Punjab,Current,77048.25,716.0,Home Loan,4090145.76,11.51,Approved,3,13,3617.51,2026-08-23,Low Risk
CUST01503,35,Female,34215.0,Punjab,Fixed Deposit,112934.23,618.0,Personal Loan,497184.81,15.77,Closed,2,9,1402.55,2026-07-05,Medium Risk
CUST01504,31,Female,113196.0,Punjab,Current,321802.08,600.0,No Loan,0.0,0.0,No Loan,1,11,3696.27,2026-08-02,Medium Risk
CUST01505,31,Male,33073.0,Khyber Pakhtunkhwa,Savings,92181.06,668.0,Car Loan,956903.53,16.6,Pending,0,14,645.94,2026-08-12,Medium Risk
CUST01506,42,Female,114036.0,Khyber Pakhtunkhwa,Salary Account,332069.26,681.0,No Loan,0.0,0.0,No Loan,4,18,5562.23,2026-06-29,Medium Risk
CUST01507,56,Male,77778.0,Sindh,Current,207659.46,690.0,Car Loan,1185390.09,14.54,Approved,0,15,1746.83,2026-07-01,Medium Risk
CUST01508,22,Male,59797.0,Punjab,Current,202998.23,606.0,No Loan,0.0,0.0,No Loan,5,14,2646.71,2026-08-12,Medium Risk
CUST01509,50,Female,73878.0,Azad Kashmir,Salary Account,286169.8,571.0,Business Loan,602945.31,14.04,Pending,5,9,664.7,2026-07-18,High Risk
CUST01510,52,Female,61431.0,Khyber Pakhtunkhwa,Current,117153.48,674.0,Business Loan,391573.95,9.78,Approved,0,12,944.43,2026-07-19,Medium Risk
CUST01511,30,Female,20000.0,Sindh,Savings,81107.71,516.0,Business Loan,3882283.36,12.5,Rejected,6,13,681.83,2026-07-31,High Risk
CUST01512,38,Female,20000.0,Balochistan,Savings,15164.67,681.0,Car Loan,1477032.6,12.44,Pending,30,13,507.12,2026-08-02,Medium Risk
CUST01513,33,Female,55963.0,Sindh,Savings,76944.64,709.0,Car Loan,344714.34,11.6,Approved,2,10,4304.53,2026-08-06,Low Risk
CUST01514,38,Female,67307.0,Balochistan,Savings,205677.53,647.0,Personal Loan,310160.44,20.76,Closed,0,13,3517.49,2026-08-22,Medium Risk
CUST01515,43,Male,63727.0,Punjab,Savings,0.0,581.0,Car Loan,1141579.51,13.79,Approved,8,16,4378.39,2026-07-19,Medium Risk
CUST01516,30,Male,30094.0,Punjab,Savings,30765.37,668.0,No Loan,0.0,0.0,No Loan,0,9,1795.6,2026-08-11,Medium Risk
CUST01517,24,Male,21582.0,Punjab,Savings,41193.41,592.0,No Loan,0.0,0.0,No Loan,1,10,1365.0,2026-07-31,Medium Risk
CUST01518,62,Male,80550.0,Sindh,Current,171915.08,754.0,Car Loan,875957.75,8.86,Closed,0,11,5365.52,2026-07-28,Low Risk
CUST01519,32,Male,81141.0,Balochistan,Savings,139982.01,572.0,No Loan,0.0,0.0,No Loan,3,7,2666.07,2026-07-20,High Risk
CUST01520,34,Male,79362.0,Sindh,Current,250745.64,730.0,No Loan,0.0,0.0,No Loan,19,13,2395.6,2026-08-04,Low Risk
CUST01521,35,Male,66299.0,Punjab,Salary Account,82968.62,735.0,Home Loan,792156.91,16.66,Approved,0,9,2324.29,2026-07-11,Low Risk
CUST01522,18,Female,20000.0,Islamabad Capital Territory,Fixed Deposit,40262.18,657.0,Car Loan,1457233.54,17.82,Approved,1,13,1086.97,2026-07-03,Medium Risk
CUST01523,24,Female,20000.0,Khyber Pakhtunkhwa,Current,38418.81,578.0,No Loan,0.0,0.0,No Loan,5,11,1590.7,2026-08-10,High Risk
CUST01524,28,Male,73465.0,Punjab,Current,92228.76,724.0,Car Loan,439494.51,17.54,Approved,6,18,1672.02,2026-07-26,Low Risk
CUST01525,50,Male,109816.0,Punjab,Savings,260452.84,616.0,Home Loan,3777763.13,19.16,Rejected,0,11,3891.4,2026-07-20,High Risk
CUST01526,23,Female,46095.0,Punjab,Current,103727.04,625.0,No Loan,0.0,0.0,No Loan,2,14,2435.45,2026-07-30,Medium Risk
CUST01527,25,Female,53280.0,Sindh,Current,225658.07,627.0,No Loan,0.0,0.0,No Loan,2,12,1861.86,2026-07-12,Medium Risk
CUST01528,46,Female,91745.0,Sindh,Fixed Deposit,61446.84,639.0,No Loan,0.0,0.0,No Loan,1,17,4070.71,2026-07-12,Medium Risk
CUST01529,44,Female,41010.0,Khyber Pakhtunkhwa,Savings,0.0,626.0,No Loan,0.0,0.0,No Loan,2,19,1165.78,2026-07-23,Medium Risk
CUST01530,40,Male,92117.0,Punjab,Current,264263.26,666.0,No Loan,0.0,0.0,No Loan,0,15,3079.64,2026-08-25,Medium Risk
CUST01531,43,Female,48102.0,Punjab,Savings,66696.08,687.0,Personal Loan,451048.9,10.43,Rejected,5,14,2605.64,2026-07-14,High Risk
CUST01532,18,Male,41711.0,Islamabad Capital Territory,Savings,61877.74,652.0,Car Loan,1014615.32,14.89,Approved,10,14,2408.04,2026-08-20,Medium Risk
CUST01533,43,Female,68030.0,Punjab,Salary Account,127400.24,719.0,Home Loan,4460004.98,17.21,Approved,0,20,3042.71,2026-07-26,Low Risk
CUST01534,38,Female,34164.0,Sindh,Savings,91958.44,713.0,No Loan,0.0,0.0,No Loan,2,12,2385.37,2026-07-04,Low Risk
CUST01535,18,Female,20659.0,Punjab,Current,26138.66,600.0,Home Loan,2254086.64,17.53,Rejected,13,12,1315.6,2026-08-17,High Risk
CUST01536,27,Male,20000.0,Sindh,Salary Account,73220.99,592.0,No Loan,0.0,0.0,No Loan,3,11,708.18,2026-07-24,Medium Risk
CUST01537,37,Female,63205.0,Sindh,Current,260456.9,722.0,No Loan,0.0,0.0,No Loan,4,11,5275.96,2026-08-19,Low Risk
CUST01538,34,Male,42692.0,Azad Kashmir,Savings,66744.7,721.0,Personal Loan,1014646.86,13.59,Approved,7,15,158.67,2026-07-23,Low Risk
CUST01539,49,Female,63578.0,Islamabad Capital Territory,Savings,38554.28,591.0,Car Loan,510429.15,17.51,Closed,5,8,4546.46,2026-07-02,Medium Risk
CUST01540,38,Male,100372.0,Sindh,Fixed Deposit,0.0,608.0,Car Loan,252973.02,12.67,Pending,5,6,5360.76,2026-08-06,Medium Risk
CUST01541,33,Male,20000.0,Punjab,Salary Account,27324.13,655.0,No Loan,0.0,0.0,No Loan,2,8,1064.05,2026-08-16,Medium Risk
CUST01542,29,Female,58026.0,Punjab,Fixed Deposit,17334.84,606.0,Car Loan,434999.1,15.4,Closed,0,16,3165.61,2026-07-16,Medium Risk
CUST01543,52,Male,85576.0,Punjab,Savings,203217.86,710.0,Personal Loan,1382429.84,9.09,Approved,0,10,1038.94,2026-07-17,Low Risk
CUST01544,34,Male,21570.0,Punjab,Fixed Deposit,66162.87,698.0,No Loan,0.0,0.0,No Loan,4,9,540.11,2026-06-30,Medium Risk
CUST01545,43,Female,82514.0,Punjab,Current,226866.88,635.0,Business Loan,291906.3,16.56,Rejected,4,14,3533.73,2026-07-29,High Risk
CUST01546,30,Female,20000.0,Sindh,Current,35682.39,677.0,Car Loan,72319.22,9.55,Approved,7,10,968.17,2026-08-19,Medium Risk
CUST01547,30,Female,27412.0,Sindh,Savings,55187.58,645.0,No Loan,0.0,0.0,No Loan,10,13,2160.97,2026-08-17,Medium Risk
CUST01548,40,Male,58777.0,Khyber Pakhtunkhwa,Fixed Deposit,65051.67,593.0,Personal Loan,590364.99,10.96,Approved,6,16,1712.44,2026-08-08,Medium Risk
CUST01549,49,Female,89716.0,Balochistan,Current,291838.68,628.0,Business Loan,1181941.84,10.6,Rejected,0,4,1951.17,2026-08-21,High Risk
CUST01550,40,Male,56601.0,Khyber Pakhtunkhwa,Current,114398.01,652.0,Home Loan,1680220.19,11.39,Closed,10,8,3338.29,2026-08-04,Medium Risk
CUST01551,42,Female,25322.0,Khyber Pakhtunkhwa,Current,85816.14,613.0,Personal Loan,92010.56,17.29,Approved,9,14,1627.48,2026-08-13,Medium Risk
CUST01552,42,Female,40193.0,Punjab,Current,170682.59,615.0,No Loan,0.0,0.0,No Loan,0,18,1797.83,2026-07-27,Medium Risk
CUST01553,39,Male,58368.0,Khyber Pakhtunkhwa,Savings,163864.47,630.0,No Loan,0.0,0.0,No Loan,2,8,4781.61,2026-07-04,Medium Risk
CUST01554,30,Male,70820.0,Punjab,Savings,212507.39,648.0,Personal Loan,464399.36,21.56,Approved,1,12,2156.77,2026-07-09,Medium Risk
CUST01555,53,Female,58819.0,Islamabad Capital Territory,Current,19404.93,645.0,No Loan,0.0,0.0,No Loan,0,8,175.09,2026-07-05,Medium Risk
CUST01556,25,Male,20000.0,Sindh,Savings,48944.55,610.0,No Loan,0.0,0.0,No Loan,4,15,1968.78,2026-08-13,Medium Risk
CUST01557,23,Male,52993.0,Punjab,Current,85665.5,560.0,No Loan,0.0,0.0,No Loan,10,10,2197.34,2026-06-28,High Risk
CUST01558,40,Male,67704.0,Khyber Pakhtunkhwa,Savings,168091.66,542.0,No Loan,0.0,0.0,No Loan,3,5,2644.94,2026-07-30,High Risk
CUST01559,40,Male,76626.0,Sindh,Current,225574.82,753.0,No Loan,0.0,0.0,No Loan,18,18,2091.64,2026-07-19,Low Risk
CUST01560,33,Male,29296.0,Sindh,Current,87530.98,642.0,No Loan,0.0,0.0,No Loan,4,16,1762.16,2026-08-14,Medium Risk
CUST01561,39,Male,66877.0,Khyber Pakhtunkhwa,Current,87532.3,661.0,Home Loan,2714765.74,17.07,Closed,5,17,2497.93,2026-07-30,Medium Risk
CUST01562,39,Male,20000.0,Khyber Pakhtunkhwa,Current,85802.53,727.0,Personal Loan,1224333.07,21.74,Rejected,3,11,583.45,2026-08-02,High Risk
CUST01563,19,Male,31551.0,Islamabad Capital Territory,Fixed Deposit,90339.94,630.0,Business Loan,4992163.97,16.31,Approved,7,6,1849.96,2026-07-02,Medium Risk
CUST01564,34,Male,41608.0,Punjab,Salary Account,62649.78,525.0,No Loan,0.0,0.0,No Loan,0,11,3172.62,2026-07-15,High Risk
CUST01565,38,Male,46580.0,Sindh,Savings,159639.25,679.0,Personal Loan,707009.88,19.18,Approved,9,14,2824.33,2026-08-25,Medium Risk
CUST01566,37,Male,111757.0,Punjab,Savings,60651.54,642.0,No Loan,0.0,0.0,No Loan,29,5,5101.23,2026-08-09,Medium Risk
CUST01567,32,Male,26332.0,Punjab,Salary Account,28007.02,627.0,Business Loan,454488.05,21.52,Approved,4,11,1263.27,2026-07-28,Medium Risk
CUST01568,35,Male,52814.0,Punjab,Savings,35040.13,679.0,Personal Loan,898308.57,19.01,Approved,0,9,4183.82,2026-08-12,Medium Risk
CUST01569,34,Female,38740.0,Punjab,Salary Account,20404.88,717.0,No Loan,0.0,0.0,No Loan,3,6,2926.9,2026-08-15,Low Risk
CUST01570,39,Female,31342.0,Khyber Pakhtunkhwa,Fixed Deposit,107589.84,652.0,No Loan,0.0,0.0,No Loan,3,14,1061.29,2026-07-01,Medium Risk
CUST01571,21,Male,61007.0,Khyber Pakhtunkhwa,Current,50792.78,688.0,No Loan,0.0,0.0,No Loan,1,12,3124.46,2026-08-24,Medium Risk
CUST01572,27,Female,51868.0,Punjab,Current,152285.72,560.0,Education Loan,933475.21,18.24,Approved,1,9,2858.29,2026-08-04,High Risk
CUST01573,58,Male,87168.0,Khyber Pakhtunkhwa,Savings,279949.57,641.0,Personal Loan,85706.91,10.65,Closed,6,13,5506.74,2026-07-23,Medium Risk
CUST01574,18,Male,20000.0,Punjab,Savings,36263.47,596.0,No Loan,0.0,0.0,No Loan,5,12,1424.47,2026-08-06,Medium Risk
CUST01575,38,Female,45743.0,Sindh,Savings,85001.32,630.0,No Loan,0.0,0.0,No Loan,14,10,1419.22,2026-07-17,Medium Risk
CUST01576,18,Female,94741.0,Punjab,Current,401150.06,559.0,Home Loan,2884325.02,9.08,Rejected,3,15,5468.85,2026-08-18,High Risk
CUST01577,18,Female,39208.0,Gilgit-Baltistan,Savings,99885.05,509.0,Personal Loan,998480.02,17.07,Pending,0,10,2277.79,2026-08-12,High Risk
CUST01578,27,Male,63994.0,Khyber Pakhtunkhwa,Current,212828.06,655.0,No Loan,0.0,0.0,No Loan,5,13,5572.63,2026-08-04,Medium Risk
CUST01579,34,Female,45948.0,Punjab,Fixed Deposit,138618.59,607.0,Car Loan,555926.03,20.17,Approved,0,10,1315.76,2026-07-07,Medium Risk
CUST01580,43,Male,91764.0,Punjab,Fixed Deposit,413226.07,688.0,Car Loan,633137.53,11.11,Pending,8,7,2085.73,2026-08-23,Medium Risk
CUST01581,51,Male,82810.0,Sindh,Current,370451.61,703.0,Business Loan,1215807.26,12.06,Approved,8,11,3613.16,2026-07-22,Low Risk
CUST01582,45,Male,67600.0,Punjab,Current,144572.38,565.0,Education Loan,92161.99,14.51,Approved,11,6,1687.94,2026-08-20,High Risk
CUST01583,34,Male,51918.5,Sindh,Savings,268431.47,722.0,Home Loan,1102748.33,16.65,Closed,2,17,2641.36,2026-06-30,Low Risk
CUST01584,43,Male,104490.0,Khyber Pakhtunkhwa,Current,227740.03,718.0,Car Loan,1081200.4,11.68,Rejected,0,14,1110.35,2026-07-04,High Risk
CUST01585,18,Female,57981.0,Khyber Pakhtunkhwa,Savings,105015.13,659.0,Personal Loan,787729.92,16.9,Approved,10,12,2590.47,2026-07-06,Medium Risk
CUST01586,19,Female,40001.0,Punjab,Salary Account,97240.85,698.0,No Loan,0.0,0.0,No Loan,6,10,1121.07,2026-07-06,Medium Risk
CUST01587,27,Female,42402.0,Balochistan,Salary Account,97927.71,573.0,No Loan,0.0,0.0,No Loan,0,12,2560.66,2026-07-16,High Risk
CUST01588,18,Female,25692.0,Khyber Pakhtunkhwa,Savings,47740.37,591.0,Personal Loan,985289.78,17.25,Approved,1,13,709.69,2026-08-08,Medium Risk
CUST01589,28,Male,31066.0,Punjab,Salary Account,83262.17,641.0,Personal Loan,1251578.73,20.14,Approved,2,15,1344.94,2026-07-17,Medium Risk
CUST01590,30,Male,43614.0,Khyber Pakhtunkhwa,Current,18389.6,742.0,Personal Loan,568490.08,11.13,Closed,4,10,1742.1,2026-08-22,Low Risk
CUST01591,32,Male,33887.0,Sindh,Savings,38995.4,597.0,No Loan,0.0,0.0,No Loan,8,14,1487.2,2026-08-19,Medium Risk
CUST01592,22,Male,20000.0,Punjab,Current,71179.9,591.0,No Loan,0.0,0.0,No Loan,1,9,953.6,2026-08-16,Medium Risk
CUST01593,41,Female,88581.0,Punjab,Savings,91113.47,699.0,Car Loan,681787.07,21.63,Pending,0,14,5467.94,2026-07-12,Medium Risk
CUST01594,25,Male,40295.0,Sindh,Savings,64472.51,568.0,No Loan,0.0,0.0,No Loan,0,7,2218.18,2026-08-04,High Risk
CUST01595,20,Male,74749.0,Punjab,Fixed Deposit,31921.1,598.0,No Loan,0.0,0.0,No Loan,0,15,4521.12,2026-07-30,Medium Risk
CUST01596,18,Male,54948.0,Balochistan,Savings,72355.74,650.0,No Loan,0.0,0.0,No Loan,3,7,2467.14,2026-07-04,Medium Risk
CUST01597,63,Female,80650.0,Punjab,Savings,133078.19,733.0,Home Loan,56152.25,9.36,Approved,3,11,130.44,2026-07-15,Low Risk
CUST01598,37,Male,60265.0,Punjab,Current,157636.4,739.0,Car Loan,1137903.17,15.21,Approved,11,8,3806.23,2026-07-29,Low Risk
CUST01599,40,Female,63828.0,Sindh,Fixed Deposit,193591.49,636.0,Personal Loan,604082.93,12.75,Approved,0,10,5185.7,2026-07-27,Medium Risk
CUST01600,35,Female,42302.0,Khyber Pakhtunkhwa,Savings,55653.7,706.0,No Loan,0.0,0.0,No Loan,4,8,3252.27,2026-07-07,Low Risk
CUST01601,44,Female,77622.0,Punjab,Savings,78671.38,640.0,Business Loan,4366492.84,18.2,Approved,2,14,5976.08,2026-08-22,Medium Risk
CUST01602,25,Male,50053.0,Khyber Pakhtunkhwa,Current,89243.33,703.0,No Loan,0.0,0.0,No Loan,10,15,3210.33,2026-07-06,Low Risk
CUST01603,42,Female,71651.0,Sindh,Savings,12956.05,549.0,Education Loan,180889.91,15.5,Rejected,23,16,3583.73,2026-08-05,High Risk
CUST01604,37,Male,20000.0,Sindh,Salary Account,68084.31,572.0,Personal Loan,157084.7,15.24,Pending,6,5,580.31,2026-08-09,High Risk
CUST01605,33,Male,28133.0,Punjab,Current,124029.86,612.0,Business Loan,805343.95,11.09,Approved,1,15,2473.78,2026-08-02,Medium Risk
CUST01606,50,Female,80228.0,Khyber Pakhtunkhwa,Fixed Deposit,142267.24,702.0,No Loan,0.0,0.0,No Loan,2,11,2415.32,2026-08-16,Low Risk
CUST01607,34,Female,20000.0,Punjab,Current,79409.18,591.0,No Loan,0.0,0.0,No Loan,0,15,1147.71,2026-07-30,Medium Risk
CUST01608,22,Female,23247.0,Islamabad Capital Territory,Fixed Deposit,32500.91,593.0,Car Loan,785490.95,11.31,Pending,1,13,1160.87,2026-08-15,Medium Risk
CUST01609,43,Male,29733.0,Sindh,Savings,0.0,629.0,Home Loan,3289378.19,21.36,Rejected,7,9,1359.22,2026-06-28,High Risk
CUST01610,46,Male,66996.0,Punjab,Fixed Deposit,121010.98,667.0,Business Loan,2312285.41,19.5,Approved,4,9,1616.68,2026-06-29,Medium Risk
CUST01611,44,Female,47161.0,Punjab,Savings,21527.33,698.0,No Loan,0.0,0.0,No Loan,6,10,2907.16,2026-08-04,Medium Risk
CUST01612,35,Male,38454.0,Khyber Pakhtunkhwa,Current,121949.95,615.0,Car Loan,1376475.18,13.05,Approved,11,10,2418.4,2026-07-31,Medium Risk
CUST01613,29,Female,61561.0,Punjab,Savings,218730.78,644.0,No Loan,0.0,0.0,No Loan,2,13,3919.49,2026-08-05,Medium Risk
CUST01614,36,Male,34389.0,Khyber Pakhtunkhwa,Current,46277.36,582.0,Car Loan,374536.0,14.91,Approved,4,14,1305.74,2026-08-12,Medium Risk
CUST01615,25,Female,68003.0,Punjab,Current,89514.64,590.0,Car Loan,403705.88,19.86,Closed,3,15,3122.99,2026-07-21,Medium Risk
CUST01616,30,Male,20000.0,Sindh,Savings,73721.05,653.0,Personal Loan,1291855.16,10.15,Approved,3,9,1362.94,2026-08-04,Medium Risk
CUST01617,25,Female,29705.0,Sindh,Savings,94940.0,577.0,Home Loan,1199824.06,8.91,Pending,1,13,1618.14,2026-07-26,High Risk
CUST01618,35,Female,29842.0,Balochistan,Fixed Deposit,71961.75,550.0,Business Loan,658010.23,15.38,Rejected,2,11,2654.3,2026-08-03,High Risk
CUST01619,32,Female,40440.0,Punjab,Savings,55201.45,618.0,No Loan,0.0,0.0,No Loan,0,18,1630.07,2026-07-14,Medium Risk
CUST01620,18,Male,27234.0,Punjab,Savings,106786.73,590.0,Business Loan,1429974.59,12.23,Pending,0,16,1148.72,2026-08-23,Medium Risk
CUST01621,48,Male,77571.0,Punjab,Savings,75777.5,651.0,No Loan,0.0,0.0,No Loan,0,9,4694.04,2026-07-25,Medium Risk
CUST01622,52,Male,49637.0,Sindh,Salary Account,44967.16,538.0,Car Loan,874659.89,20.0,Rejected,3,9,2657.52,2026-08-14,High Risk
CUST01623,36,Male,51168.0,Sindh,Savings,113109.85,577.0,Personal Loan,610148.98,12.58,Approved,4,13,2052.32,2026-08-07,High Risk
CUST01624,27,Male,20000.0,Punjab,Fixed Deposit,37896.45,586.0,No Loan,0.0,0.0,No Loan,0,11,1509.58,2026-07-14,Medium Risk
CUST01625,44,Female,116433.0,Punjab,Savings,400019.51,672.0,Personal Loan,776157.55,13.03,Rejected,0,10,5473.11,2026-07-01,High Risk
CUST01626,39,Female,46062.0,Punjab,Current,109719.1,584.0,No Loan,0.0,0.0,No Loan,1,13,1558.51,2026-06-30,Medium Risk
CUST01627,24,Female,38081.0,Sindh,Savings,45710.9,498.0,Education Loan,1005031.99,9.88,Pending,1,13,2600.09,2026-07-23,High Risk
CUST01628,48,Male,46043.0,Punjab,Savings,58104.26,702.0,Personal Loan,1252311.02,20.52,Approved,0,14,2774.61,2026-07-26,Low Risk
CUST01629,55,Male,116925.0,Punjab,Fixed Deposit,245154.46,807.0,Car Loan,1110624.57,21.65,Approved,0,19,3802.91,2026-07-09,Low Risk
CUST01630,32,Female,46890.0,Punjab,Savings,144494.89,755.0,Home Loan,155737.32,16.74,Approved,12,13,2404.06,2026-08-02,Low Risk
CUST01631,41,Male,53575.0,Sindh,Current,52895.12,677.0,Personal Loan,254061.2,21.37,Rejected,5,20,100.0,2026-07-15,High Risk
CUST01632,50,Male,23768.0,Punjab,Savings,34995.82,555.0,No Loan,0.0,0.0,No Loan,13,13,693.84,2026-08-09,High Risk
CUST01633,29,Female,20000.0,Punjab,Savings,6711.97,664.0,Personal Loan,842907.05,21.9,Approved,0,11,584.65,2026-08-10,Medium Risk
CUST01634,24,Male,51212.0,Punjab,Savings,97240.85,617.0,Personal Loan,450943.54,16.33,Pending,2,10,796.29,2026-08-17,Medium Risk
CUST01635,27,Female,69711.0,Sindh,Savings,191892.08,606.0,Business Loan,2887962.66,21.53,Approved,3,11,4060.32,2026-08-24,Medium Risk
CUST01636,41,Female,69296.0,Punjab,Fixed Deposit,263255.34,761.0,Personal Loan,888025.74,11.15,Approved,10,6,3374.47,2026-07-04,Low Risk
CUST01637,26,Female,20000.0,Punjab,Savings,8466.27,638.0,Education Loan,1243608.62,9.96,Rejected,6,14,482.85,2026-07-19,High Risk
CUST01638,34,Male,78830.0,Punjab,Savings,369354.79,628.0,No Loan,0.0,0.0,No Loan,2,8,2690.15,2026-07-30,Medium Risk
CUST01639,46,Female,61286.0,Punjab,Current,99448.57,614.0,Car Loan,247086.8,9.89,Rejected,5,9,2439.14,2026-07-16,High Risk
CUST01640,31,Male,45060.0,Punjab,Salary Account,113466.96,606.0,Home Loan,1492950.36,15.47,Rejected,7,14,1558.14,2026-07-24,High Risk
CUST01641,20,Male,37322.0,Punjab,Current,46527.05,694.0,No Loan,0.0,0.0,No Loan,7,5,3208.08,2026-07-13,Medium Risk
CUST01642,43,Male,20000.0,Punjab,Salary Account,29369.55,647.0,No Loan,0.0,0.0,No Loan,8,16,1431.15,2026-07-11,Medium Risk
CUST01643,39,Male,27092.0,Punjab,Current,55319.32,638.0,Car Loan,305828.32,17.3,Rejected,20,16,864.91,2026-07-02,High Risk
CUST01644,40,Male,74953.0,Sindh,Savings,301199.65,705.0,No Loan,0.0,0.0,No Loan,2,13,2896.04,2026-07-14,Low Risk
CUST01645,62,Female,70242.0,Punjab,Fixed Deposit,241683.33,636.0,Personal Loan,135014.44,17.94,Closed,8,14,3136.71,2026-07-20,Medium Risk
CUST01646,28,Female,52573.0,Punjab,Current,214029.89,671.0,Personal Loan,256710.18,19.8,Approved,7,12,2315.69,2026-08-02,Medium Risk
CUST01647,53,Female,63555.0,Punjab,Current,181769.91,675.0,No Loan,0.0,0.0,No Loan,2,11,3303.57,2026-07-11,Medium Risk
CUST01648,35,Female,78633.0,Punjab,Current,262348.04,632.0,No Loan,0.0,0.0,No Loan,2,16,5605.39,2026-08-17,Medium Risk
CUST01649,38,Female,35147.0,Sindh,Current,113503.28,606.0,Car Loan,1326475.64,9.87,Pending,8,12,2048.98,2026-07-06,Medium Risk
CUST01650,35,Male,30500.0,Punjab,Fixed Deposit,49871.09,632.0,Personal Loan,1435659.59,10.85,Rejected,2,11,1732.33,2026-07-16,High Risk
CUST01651,36,Female,51918.5,Khyber Pakhtunkhwa,Savings,12000.68,588.0,Home Loan,2727634.4,9.48,Rejected,24,9,1152.64,2026-07-31,High Risk
CUST01652,19,Male,43231.0,Khyber Pakhtunkhwa,Fixed Deposit,67386.75,580.0,No Loan,0.0,0.0,No Loan,0,4,3306.1,2026-07-15,Medium Risk
CUST01653,18,Male,20000.0,Balochistan,Current,35167.17,701.0,Business Loan,3911206.64,8.69,Approved,1,10,1392.46,2026-08-11,Low Risk
CUST01654,43,Male,51918.5,Sindh,Current,82085.47,550.0,Personal Loan,847186.48,12.56,Closed,2,9,1646.57,2026-07-26,High Risk
CUST01655,18,Male,51918.5,Sindh,Fixed Deposit,25836.99,624.0,Personal Loan,433711.84,12.99,Rejected,0,18,770.94,2026-07-27,High Risk
CUST01656,33,Male,57377.0,Punjab,Salary Account,221035.44,682.0,No Loan,0.0,0.0,No Loan,3,11,3392.86,2026-07-26,Medium Risk
CUST01657,39,Male,51918.5,Islamabad Capital Territory,Savings,281391.71,728.0,No Loan,0.0,0.0,No Loan,1,11,5009.34,2026-07-15,Low Risk
CUST01658,46,Female,94617.0,Islamabad Capital Territory,Salary Account,272718.28,626.0,Business Loan,4212663.02,18.58,Approved,5,10,5565.47,2026-06-28,Medium Risk
CUST01659,35,Male,55841.0,Sindh,Savings,179139.63,652.0,Personal Loan,1154194.99,13.48,Approved,3,14,3794.74,2026-08-22,Medium Risk
CUST01660,29,Male,20000.0,Balochistan,Current,48386.14,612.0,Car Loan,868476.88,13.03,Approved,2,10,1301.88,2026-07-27,Medium Risk
CUST01661,18,Female,20000.0,Punjab,Savings,7061.31,549.0,Business Loan,2008725.62,21.25,Pending,20,17,601.48,2026-08-24,High Risk
CUST01662,40,Female,60771.0,Khyber Pakhtunkhwa,Savings,218615.65,743.0,No Loan,0.0,0.0,No Loan,9,15,2156.3,2026-07-09,Low Risk
CUST01663,43,Female,51731.0,Punjab,Savings,133436.69,756.0,No Loan,0.0,0.0,No Loan,3,9,3254.28,2026-07-18,Low Risk
CUST01664,25,Male,20000.0,Punjab,Current,66043.91,611.0,Personal Loan,551463.42,19.95,Approved,3,9,1725.16,2026-06-30,Medium Risk
CUST01665,25,Male,91943.0,Sindh,Current,340128.7,703.0,Home Loan,4670511.12,9.23,Approved,2,13,5442.34,2026-07-26,Low Risk
CUST01666,57,Male,93567.0,Punjab,Savings,18447.64,716.0,Car Loan,847701.86,12.65,Approved,11,13,7740.2,2026-08-18,Low Risk
CUST01667,42,Male,96073.0,Punjab,Salary Account,197358.96,645.0,No Loan,0.0,0.0,No Loan,12,10,5208.25,2026-08-05,Medium Risk
CUST01668,37,Male,69100.0,Balochistan,Savings,98199.19,662.0,No Loan,0.0,0.0,No Loan,11,12,2491.03,2026-07-25,Medium Risk
CUST01669,33,Male,46638.0,Punjab,Current,204260.92,714.0,Business Loan,687454.84,21.0,Approved,0,10,4154.19,2026-07-29,Low Risk
CUST01670,40,Male,26413.0,Punjab,Salary Account,107792.15,627.0,No Loan,0.0,0.0,No Loan,1,13,911.96,2026-08-16,Medium Risk
CUST01671,41,Male,43427.0,Punjab,Savings,114277.07,699.0,No Loan,0.0,0.0,No Loan,5,10,1411.41,2026-07-22,Medium Risk
CUST01672,45,Male,75748.0,Sindh,Current,169311.11,712.0,No Loan,0.0,0.0,No Loan,5,7,112.89,2026-08-18,Low Risk
CUST01673,44,Male,28656.0,Punjab,Savings,54635.55,658.0,No Loan,0.0,0.0,No Loan,1,13,1991.62,2026-08-09,Medium Risk
CUST01674,29,Male,38149.0,Punjab,Savings,62258.29,665.0,Business Loan,3815606.31,17.43,Rejected,0,13,1768.06,2026-08-11,High Risk
CUST01675,56,Male,65852.0,Gilgit-Baltistan,Savings,143879.67,715.0,Personal Loan,1350701.79,10.65,Approved,3,11,2933.94,2026-07-18,Low Risk
CUST01676,33,Female,51918.5,Sindh,Fixed Deposit,68304.3,638.0,No Loan,0.0,0.0,No Loan,3,13,1430.1,2026-07-21,Medium Risk
CUST01677,34,Male,34209.0,Sindh,Savings,20071.91,686.0,Car Loan,1267533.46,8.77,Approved,14,11,1101.4,2026-07-31,Medium Risk
CUST01678,28,Male,45783.0,Khyber Pakhtunkhwa,Fixed Deposit,59792.3,731.0,No Loan,0.0,0.0,No Loan,5,16,1136.45,2026-07-08,Low Risk
CUST01679,37,Female,51918.5,Sindh,Salary Account,170868.39,503.0,Home Loan,1490881.96,21.03,Approved,3,19,4694.01,2026-07-30,High Risk
CUST01680,56,Male,57261.0,Khyber Pakhtunkhwa,Savings,155645.91,624.0,Business Loan,1095224.07,13.88,Approved,0,13,403.46,2026-07-01,Medium Risk
CUST01681,37,Male,76518.0,Punjab,Savings,148520.11,635.0,No Loan,0.0,0.0,No Loan,0,13,5973.94,2026-07-27,Medium Risk
CUST01682,35,Male,33300.0,Khyber Pakhtunkhwa,Current,94020.34,603.0,Car Loan,453004.48,17.8,Approved,0,11,941.25,2026-08-11,Medium Risk
CUST01683,27,Male,50763.0,Punjab,Savings,64892.58,575.0,Car Loan,186601.73,19.18,Approved,2,13,100.0,2026-07-13,High Risk
CUST01684,41,Male,57696.0,Punjab,Fixed Deposit,107933.38,556.0,Car Loan,572691.59,20.75,Approved,0,9,4010.42,2026-08-25,High Risk
CUST01685,34,Female,40131.0,Punjab,Savings,11524.18,693.0,Business Loan,2499971.13,14.29,Approved,4,9,2999.27,2026-08-06,Medium Risk
CUST01686,55,Male,90574.0,Punjab,Savings,219919.37,643.0,No Loan,0.0,0.0,No Loan,4,11,6525.91,2026-07-04,Medium Risk
CUST01687,33,Female,25091.0,Punjab,Savings,65460.67,505.0,Car Loan,1283569.25,11.52,Rejected,5,13,1138.17,2026-08-24,High Risk
CUST01688,37,Male,42849.0,Sindh,Current,135864.15,542.0,Car Loan,1324933.24,15.53,Rejected,2,11,3224.5,2026-07-20,High Risk
CUST01689,23,Female,23125.0,Punjab,Salary Account,79033.16,606.0,Personal Loan,208656.13,10.07,Approved,5,13,1657.12,2026-08-13,Medium Risk
CUST01690,46,Male,93965.0,Gilgit-Baltistan,Savings,153485.19,645.0,Car Loan,108113.38,21.46,Approved,0,7,6215.63,2026-07-17,Medium Risk
CUST01691,45,Female,28047.0,Punjab,Savings,51980.04,562.0,Business Loan,3340937.74,18.09,Closed,14,12,2099.66,2026-08-22,High Risk
CUST01692,25,Male,20000.0,Balochistan,Savings,30426.84,577.0,Car Loan,116354.94,15.38,Closed,19,12,949.23,2026-08-11,High Risk
CUST01693,36,Male,51422.0,Punjab,Savings,210267.75,743.0,Business Loan,66191.08,13.0,Approved,11,9,3663.09,2026-07-08,Low Risk
CUST01694,38,Male,22232.0,Punjab,Savings,83737.52,582.0,Home Loan,1946608.12,14.44,Approved,5,15,1252.67,2026-07-27,Medium Risk
CUST01695,36,Female,44882.0,Sindh,Savings,84169.41,738.0,Business Loan,3415881.55,13.39,Approved,0,12,2144.36,2026-07-27,Low Risk
CUST01696,33,Male,84008.0,Punjab,Savings,321519.29,739.0,No Loan,0.0,0.0,No Loan,6,9,4162.07,2026-06-29,Low Risk
CUST01697,39,Male,20000.0,Khyber Pakhtunkhwa,Savings,18834.74,651.0,No Loan,0.0,0.0,No Loan,2,13,857.52,2026-07-05,Medium Risk
CUST01698,21,Male,38744.0,Punjab,Fixed Deposit,0.0,730.0,Home Loan,2400711.96,19.96,Closed,4,15,1836.85,2026-07-16,Low Risk
CUST01699,38,Female,68201.0,Khyber Pakhtunkhwa,Current,112546.23,717.0,Car Loan,1286884.69,18.38,Approved,3,14,4781.45,2026-07-25,Low Risk
CUST01700,20,Male,48236.0,Punjab,Fixed Deposit,125135.53,582.0,No Loan,0.0,0.0,No Loan,2,10,741.24,2026-07-24,Medium Risk
CUST01701,23,Male,39669.0,Balochistan,Savings,97240.85,620.0,No Loan,0.0,0.0,No Loan,6,16,1065.16,2026-08-02,Medium Risk
CUST01702,47,Female,57502.0,Punjab,Savings,23726.16,770.0,Car Loan,1435859.88,16.45,Approved,3,13,4153.78,2026-07-27,Low Risk
CUST01703,32,Male,64645.0,Punjab,Savings,281288.4,622.0,No Loan,0.0,0.0,No Loan,2,7,2480.74,2026-07-16,Medium Risk
CUST01704,42,Male,44605.0,Punjab,Salary Account,130650.02,749.0,No Loan,0.0,0.0,No Loan,6,12,1002.02,2026-08-02,Low Risk
CUST01705,25,Female,71198.0,Punjab,Savings,194276.74,520.0,Business Loan,411994.69,16.22,Rejected,2,11,4502.46,2026-07-06,High Risk
CUST01706,32,Female,76894.0,Sindh,Current,324156.03,645.0,Car Loan,294071.49,20.77,Approved,9,9,3108.82,2026-08-25,Medium Risk
CUST01707,36,Male,20000.0,Gilgit-Baltistan,Savings,49000.44,622.0,Personal Loan,1327875.89,18.67,Approved,5,7,1172.01,2026-08-10,Medium Risk
CUST01708,42,Male,62694.0,Gilgit-Baltistan,Salary Account,56347.09,696.0,Home Loan,1034162.42,15.35,Pending,3,7,2470.61,2026-07-14,Medium Risk
CUST01709,56,Female,120335.0,Punjab,Fixed Deposit,552378.01,693.0,No Loan,0.0,0.0,No Loan,5,14,7311.76,2026-07-17,Medium Risk
CUST01710,18,Female,44975.0,Sindh,Savings,113670.77,699.0,Business Loan,2573550.0,17.41,Closed,0,15,1951.59,2026-08-15,Medium Risk
CUST01711,44,Female,64738.0,Islamabad Capital Territory,Savings,77982.44,802.0,Personal Loan,854706.36,9.16,Pending,8,15,3323.89,2026-07-28,Low Risk
CUST01712,29,Female,20000.0,Punjab,Current,42424.73,619.0,No Loan,0.0,0.0,No Loan,3,14,623.37,2026-08-08,Medium Risk
CUST01713,34,Female,69901.0,Punjab,Fixed Deposit,92841.9,697.0,No Loan,0.0,0.0,No Loan,2,9,3398.12,2026-07-14,Medium Risk
CUST01714,45,Female,81223.0,Khyber Pakhtunkhwa,Current,257845.81,619.0,Personal Loan,573599.17,15.22,Rejected,15,10,5008.29,2026-08-14,High Risk
CUST01715,43,Male,27251.0,Gilgit-Baltistan,Savings,60116.27,614.0,No Loan,0.0,0.0,No Loan,9,14,1215.99,2026-07-19,Medium Risk
CUST01716,43,Female,83637.0,Khyber Pakhtunkhwa,Salary Account,101957.23,735.0,No Loan,0.0,0.0,No Loan,3,10,5596.73,2026-08-06,Low Risk
CUST01717,32,Female,20000.0,Punjab,Salary Account,76049.52,560.0,Home Loan,1916682.56,11.71,Closed,5,10,288.07,2026-08-24,High Risk
CUST01718,39,Female,20000.0,Islamabad Capital Territory,Savings,29672.42,547.0,Home Loan,4327969.04,18.86,Rejected,3,12,751.14,2026-08-01,High Risk
CUST01719,36,Male,20000.0,Punjab,Savings,15424.57,530.0,Personal Loan,407237.93,9.41,Rejected,0,14,680.1,2026-08-13,High Risk
CUST01720,32,Male,20000.0,Punjab,Fixed Deposit,25978.19,749.0,Education Loan,1182899.07,18.95,Approved,0,8,650.06,2026-08-09,Low Risk
CUST01721,54,Male,70204.0,Punjab,Salary Account,220561.9,651.0,Business Loan,1252612.4,12.29,Rejected,11,13,2483.52,2026-08-07,High Risk
CUST01722,47,Female,34074.0,Punjab,Savings,39016.8,590.0,No Loan,0.0,0.0,No Loan,4,14,1313.48,2026-06-28,Medium Risk
CUST01723,39,Female,29127.0,Punjab,Current,51303.08,645.0,No Loan,0.0,0.0,No Loan,0,11,1582.59,2026-07-25,Medium Risk
CUST01724,43,Male,79852.0,Islamabad Capital Territory,Savings,143806.45,677.0,No Loan,0.0,0.0,No Loan,8,17,5892.11,2026-08-24,Medium Risk
CUST01725,28,Male,40950.0,Punjab,Savings,154717.08,700.0,Business Loan,1116998.57,16.99,Approved,0,13,2677.48,2026-08-12,Low Risk
CUST01726,31,Male,36190.0,Balochistan,Savings,118864.1,559.0,Car Loan,380328.47,16.99,Approved,2,16,670.65,2026-08-12,High Risk
CUST01727,56,Male,109141.0,Punjab,Current,236922.42,671.0,Personal Loan,418588.41,21.36,Pending,0,11,4080.36,2026-07-31,Medium Risk
CUST01728,62,Female,93656.0,Khyber Pakhtunkhwa,Fixed Deposit,115182.61,609.0,Business Loan,4752042.67,18.2,Approved,8,14,6699.35,2026-08-09,Medium Risk
CUST01729,18,Female,20000.0,Khyber Pakhtunkhwa,Fixed Deposit,49976.43,577.0,Personal Loan,954827.48,9.72,Closed,5,22,663.67,2026-08-01,High Risk
CUST01730,36,Male,21904.0,Sindh,Savings,56066.86,677.0,Education Loan,872224.92,21.64,Approved,6,16,1164.7,2026-07-07,Medium Risk
CUST01731,40,Female,90507.0,Punjab,Current,45453.01,624.0,No Loan,0.0,0.0,No Loan,18,7,6451.26,2026-08-03,Medium Risk
CUST01732,32,Male,62821.0,Punjab,Savings,45868.09,625.0,Personal Loan,1125359.77,16.55,Closed,1,15,5080.9,2026-08-03,Medium Risk
CUST01733,43,Male,65555.0,Islamabad Capital Territory,Fixed Deposit,55597.32,705.0,Personal Loan,191981.72,9.18,Rejected,1,12,2533.58,2026-08-16,High Risk
CUST01734,39,Male,46611.0,Punjab,Savings,42259.2,563.0,No Loan,0.0,0.0,No Loan,0,15,1233.31,2026-07-05,High Risk
CUST01735,34,Female,45003.0,Punjab,Salary Account,66193.75,663.0,No Loan,0.0,0.0,No Loan,11,18,1513.28,2026-08-06,Medium Risk
CUST01736,18,Female,55985.0,Punjab,Current,29073.24,575.0,No Loan,0.0,0.0,No Loan,1,12,1818.64,2026-06-28,High Risk
CUST01737,34,Male,48760.0,Sindh,Salary Account,63253.27,646.0,No Loan,0.0,0.0,No Loan,9,16,271.85,2026-08-22,Medium Risk
CUST01738,36,Male,23876.0,Sindh,Current,42962.18,548.0,Home Loan,3870312.74,16.81,Rejected,1,13,1981.96,2026-07-03,High Risk
CUST01739,38,Female,88064.0,Khyber Pakhtunkhwa,Salary Account,276070.25,713.0,No Loan,0.0,0.0,No Loan,4,17,6066.73,2026-06-28,Low Risk
CUST01740,42,Male,84127.0,Punjab,Savings,230971.66,628.0,Personal Loan,408156.5,11.82,Pending,4,15,4246.09,2026-07-15,Medium Risk
CUST01741,47,Male,53695.0,Khyber Pakhtunkhwa,Salary Account,44140.44,756.0,No Loan,0.0,0.0,No Loan,3,12,1382.42,2026-07-06,Low Risk
CUST01742,47,Male,86716.0,Gilgit-Baltistan,Salary Account,295071.51,648.0,Car Loan,742396.28,9.83,Rejected,4,16,5352.85,2026-08-07,High Risk
CUST01743,19,Female,20000.0,Gilgit-Baltistan,Savings,33022.45,734.0,Personal Loan,365810.95,13.14,Pending,3,9,1116.74,2026-07-21,Low Risk
CUST01744,36,Male,38965.0,Punjab,Savings,115744.8,604.0,No Loan,0.0,0.0,No Loan,1,10,506.25,2026-08-12,Medium Risk
CUST01745,31,Male,73386.0,Punjab,Savings,97240.85,629.0,Home Loan,4158497.0,10.89,Approved,1,15,1624.79,2026-08-21,Medium Risk
CUST01746,29,Female,33226.0,Sindh,Savings,53969.83,678.0,No Loan,0.0,0.0,No Loan,13,14,1621.16,2026-08-18,Medium Risk
CUST01747,40,Male,74653.0,Azad Kashmir,Savings,62083.89,590.0,Home Loan,3229375.71,12.7,Approved,6,12,5189.3,2026-08-10,Medium Risk
CUST01748,35,Male,50909.0,Punjab,Savings,139240.55,759.0,Car Loan,1172310.25,17.63,Approved,23,11,2862.32,2026-06-30,Low Risk
CUST01749,45,Female,39202.0,Punjab,Savings,25081.53,626.0,Business Loan,3860923.86,19.54,Pending,2,17,3366.25,2026-07-05,Medium Risk
CUST01750,34,Male,40684.0,Punjab,Savings,72262.48,555.0,Business Loan,1085577.04,20.98,Rejected,11,12,1271.29,2026-07-09,High Risk
CUST01751,41,Female,66075.0,Sindh,Current,253027.15,685.0,Personal Loan,1289754.95,9.64,Approved,1,13,2076.23,2026-07-16,Medium Risk
CUST01752,28,Female,50847.0,Balochistan,Fixed Deposit,130286.2,624.0,Car Loan,1236968.32,16.36,Closed,7,14,2877.91,2026-08-05,Medium Risk
CUST01753,29,Male,58018.0,Punjab,Salary Account,229534.84,602.0,Personal Loan,943027.02,18.8,Approved,1,14,3095.96,2026-07-28,Medium Risk
CUST01754,28,Female,27485.0,Azad Kashmir,Savings,54152.18,644.0,No Loan,0.0,0.0,No Loan,6,13,187.14,2026-07-15,Medium Risk
CUST01755,58,Male,78424.0,Khyber Pakhtunkhwa,Savings,95165.98,656.0,Home Loan,1652006.46,10.28,Rejected,7,8,3826.62,2026-07-07,High Risk
CUST01756,37,Female,50126.0,Sindh,Fixed Deposit,175937.47,673.0,Car Loan,1163577.41,13.1,Pending,2,11,1854.35,2026-08-20,Medium Risk
CUST01757,48,Female,28858.0,Sindh,Savings,28313.18,652.0,Education Loan,232188.06,8.53,Approved,3,14,163.41,2026-07-17,Medium Risk
CUST01758,36,Male,86712.0,Punjab,Fixed Deposit,150458.73,661.0,No Loan,0.0,0.0,No Loan,0,8,1286.42,2026-07-18,Medium Risk
CUST01759,47,Female,72983.0,Punjab,Fixed Deposit,145680.4,647.0,Education Loan,698602.5,21.9,Rejected,7,8,2332.58,2026-08-12,High Risk
CUST01760,34,Male,33994.0,Sindh,Salary Account,36657.94,724.0,No Loan,0.0,0.0,No Loan,6,14,2086.57,2026-08-09,Low Risk
CUST01761,34,Male,52115.0,Punjab,Fixed Deposit,172734.96,635.0,No Loan,0.0,0.0,No Loan,17,18,3414.58,2026-08-04,Medium Risk
CUST01762,51,Female,57184.0,Punjab,Savings,204189.78,652.0,Business Loan,1597338.32,9.18,Rejected,12,15,4436.36,2026-08-07,High Risk
CUST01763,49,Male,77990.0,Khyber Pakhtunkhwa,Savings,63046.8,690.0,Business Loan,4907038.7,17.41,Rejected,1,13,3693.64,2026-08-02,High Risk
CUST01764,38,Male,116118.0,Punjab,Salary Account,255301.6,734.0,Car Loan,835039.96,20.63,Pending,0,6,9079.83,2026-07-08,Low Risk
CUST01765,56,Female,105477.0,Punjab,Savings,219508.21,630.0,Personal Loan,487412.68,11.3,Approved,1,14,6525.94,2026-07-11,Medium Risk
CUST01766,40,Male,42666.0,Punjab,Savings,91987.11,636.0,Car Loan,1478050.61,15.49,Approved,2,15,1857.23,2026-07-30,Medium Risk
CUST01767,18,Female,20000.0,Azad Kashmir,Salary Account,44141.66,523.0,Car Loan,1121937.84,12.19,Closed,1,15,1084.79,2026-07-10,High Risk
CUST01768,22,Male,42642.0,Punjab,Current,51168.26,722.0,Home Loan,4756301.97,18.78,Approved,1,11,2257.98,2026-08-24,Low Risk
CUST01769,46,Female,33669.0,Punjab,Savings,81229.48,745.0,No Loan,0.0,0.0,No Loan,5,14,2113.75,2026-07-14,Low Risk
CUST01770,19,Male,33652.0,Punjab,Current,150850.88,619.0,Car Loan,770804.34,20.83,Pending,20,12,1460.1,2026-07-14,Medium Risk
CUST01771,35,Female,65846.0,Punjab,Savings,162916.37,592.0,Home Loan,2333363.6,15.82,Approved,6,17,4022.95,2026-07-09,Medium Risk
CUST01772,28,Male,44907.0,Punjab,Savings,166690.65,669.0,Business Loan,2534993.42,9.56,Pending,11,8,1989.41,2026-08-08,Medium Risk
CUST01773,46,Male,88067.0,Punjab,Savings,180684.23,698.0,No Loan,0.0,0.0,No Loan,0,14,5319.66,2026-07-16,Medium Risk
CUST01774,40,Male,68547.0,Khyber Pakhtunkhwa,Current,62895.22,693.0,Car Loan,748941.86,13.72,Approved,14,12,1900.38,2026-07-17,Medium Risk
CUST01775,41,Female,60560.0,Punjab,Fixed Deposit,112305.62,669.0,Home Loan,3643771.05,9.84,Pending,0,18,1844.87,2026-08-22,Medium Risk
CUST01776,39,Male,46641.0,Punjab,Salary Account,0.0,632.0,Personal Loan,918905.16,15.75,Approved,1,5,3765.16,2026-08-13,Medium Risk
CUST01777,45,Male,35513.0,Punjab,Savings,1321.08,693.0,No Loan,0.0,0.0,No Loan,6,13,587.62,2026-07-13,Medium Risk
CUST01778,37,Female,51758.0,Gilgit-Baltistan,Current,126439.44,650.0,No Loan,0.0,0.0,No Loan,10,13,1653.54,2026-07-04,Medium Risk
CUST01779,31,Female,82051.0,Sindh,Current,277410.57,724.0,Business Loan,4562215.47,19.07,Approved,6,7,4801.6,2026-08-06,Low Risk
CUST01780,25,Female,45336.0,Punjab,Fixed Deposit,117229.5,732.0,Business Loan,3772760.04,17.37,Closed,3,14,2898.08,2026-07-19,Low Risk
CUST01781,42,Male,57691.0,Punjab,Savings,98434.5,597.0,No Loan,0.0,0.0,No Loan,1,6,100.0,2026-08-24,Medium Risk
CUST01782,37,Male,49435.0,Punjab,Savings,90090.47,700.0,No Loan,0.0,0.0,No Loan,6,14,2972.65,2026-08-15,Low Risk
CUST01783,30,Male,61219.0,Punjab,Savings,49873.06,696.0,Personal Loan,1023336.26,18.33,Approved,7,9,2723.18,2026-08-23,Medium Risk
CUST01784,34,Male,26367.0,Islamabad Capital Territory,Savings,79638.96,642.0,No Loan,0.0,0.0,No Loan,6,15,1404.72,2026-08-14,Medium Risk
CUST01785,34,Male,64938.0,Punjab,Fixed Deposit,118156.48,689.0,No Loan,0.0,0.0,No Loan,0,16,4710.24,2026-07-14,Medium Risk
CUST01786,19,Male,20000.0,Balochistan,Savings,31974.56,662.0,No Loan,0.0,0.0,No Loan,11,10,1091.61,2026-07-14,Medium Risk
CUST01787,24,Male,84426.0,Sindh,Current,170661.02,726.0,No Loan,0.0,0.0,No Loan,1,8,8589.92,2026-08-08,Low Risk
CUST01788,52,Male,82401.0,Punjab,Savings,320955.49,731.0,Car Loan,591697.34,21.48,Approved,4,7,2193.97,2026-07-17,Low Risk
CUST01789,18,Male,62544.0,Punjab,Savings,114487.85,652.0,Education Loan,1077324.72,14.99,Closed,4,7,3815.04,2026-07-23,Medium Risk
CUST01790,29,Female,20193.0,Sindh,Savings,46355.78,587.0,No Loan,0.0,0.0,No Loan,1,13,1076.87,2026-07-12,Medium Risk
CUST01791,35,Male,85661.0,Islamabad Capital Territory,Current,319797.97,681.0,Business Loan,1146588.38,20.13,Rejected,6,10,1228.59,2026-07-25,High Risk
CUST01792,37,Female,88076.0,Sindh,Current,0.0,693.0,Education Loan,335984.7,21.97,Rejected,7,11,3938.14,2026-07-09,High Risk
CUST01793,29,Male,50242.0,Sindh,Salary Account,36684.33,622.0,No Loan,0.0,0.0,No Loan,0,12,2132.93,2026-07-29,Medium Risk
CUST01794,36,Male,52261.0,Sindh,Savings,141600.45,623.0,No Loan,0.0,0.0,No Loan,5,12,3235.96,2026-08-21,Medium Risk
CUST01795,27,Male,34627.0,Punjab,Current,90588.63,685.0,Car Loan,50520.27,13.88,Pending,2,13,2558.28,2026-08-07,Medium Risk
CUST01796,41,Female,73270.0,Balochistan,Savings,281972.51,579.0,No Loan,0.0,0.0,No Loan,14,13,5061.56,2026-07-05,High Risk
CUST01797,21,Male,25233.0,Sindh,Current,21775.11,643.0,Home Loan,2078632.65,12.82,Approved,2,8,1179.02,2026-08-02,Medium Risk
CUST01798,39,Female,45636.0,Punjab,Salary Account,69774.8,694.0,Education Loan,531886.55,9.1,Approved,2,10,3753.46,2026-08-01,Medium Risk
CUST01799,52,Male,94237.0,Punjab,Savings,65596.49,642.0,No Loan,0.0,0.0,No Loan,2,12,4331.3,2026-07-11,Medium Risk
CUST01800,39,Male,86372.0,Khyber Pakhtunkhwa,Current,377494.28,483.0,Personal Loan,831269.3,12.75,Rejected,1,10,5051.54,2026-08-06,High Risk
CUST01801,27,Female,59384.0,Sindh,Fixed Deposit,197635.97,619.0,Personal Loan,822946.01,20.16,Closed,6,6,1124.69,2026-07-28,Medium Risk
CUST01802,23,Male,42855.0,Khyber Pakhtunkhwa,Savings,102417.03,595.0,No Loan,0.0,0.0,No Loan,3,12,555.95,2026-08-04,Medium Risk
CUST01803,46,Female,96943.0,Khyber Pakhtunkhwa,Savings,64207.46,662.0,Personal Loan,1284697.95,16.3,Approved,0,13,6366.79,2026-06-30,Medium Risk
CUST01804,44,Male,71168.0,Punjab,Savings,135462.27,644.0,No Loan,0.0,0.0,No Loan,0,6,4210.97,2026-07-21,Medium Risk
CUST01805,27,Male,30601.0,Punjab,Savings,96035.85,632.0,No Loan,0.0,0.0,No Loan,5,10,1012.47,2026-08-09,Medium Risk
CUST01806,46,Female,20000.0,Khyber Pakhtunkhwa,Savings,80685.96,613.0,Business Loan,965188.16,9.91,Approved,3,17,786.06,2026-07-03,Medium Risk
CUST01807,47,Male,78234.0,Balochistan,Fixed Deposit,81921.49,660.0,No Loan,0.0,0.0,No Loan,4,11,4326.26,2026-08-12,Medium Risk
CUST01808,38,Female,45554.0,Punjab,Savings,209662.84,623.0,No Loan,0.0,0.0,No Loan,3,16,2273.74,2026-06-27,Medium Risk
CUST01809,30,Male,20000.0,Punjab,Salary Account,58384.39,611.0,Personal Loan,52099.51,17.79,Rejected,10,12,752.44,2026-07-30,High Risk
CUST01810,48,Female,48806.0,Sindh,Savings,18017.09,558.0,Personal Loan,726503.68,13.82,Approved,4,14,2419.82,2026-08-21,High Risk
CUST01811,36,Male,23234.0,Islamabad Capital Territory,Current,17621.12,696.0,Business Loan,928962.76,15.72,Pending,2,17,1269.51,2026-07-21,Medium Risk
CUST01812,52,Female,69866.0,Punjab,Current,231157.59,740.0,Home Loan,3447562.97,11.83,Approved,16,14,3483.85,2026-08-22,Low Risk
CUST01813,37,Female,23984.0,Punjab,Salary Account,41648.67,551.0,Personal Loan,211709.1,19.45,Rejected,0,12,987.48,2026-08-18,High Risk
CUST01814,35,Female,33936.0,Punjab,Salary Account,72835.3,710.0,Car Loan,720470.29,8.79,Pending,0,12,3352.42,2026-07-25,Low Risk
CUST01815,55,Female,59736.0,Punjab,Current,208363.29,713.0,Personal Loan,531426.95,15.79,Approved,15,17,4679.22,2026-07-08,Low Risk
CUST01816,40,Male,20000.0,Punjab,Current,85868.16,678.0,Business Loan,4329783.37,10.91,Closed,0,11,169.35,2026-08-23,Medium Risk
CUST01817,35,Female,44924.0,Sindh,Savings,47188.78,565.0,No Loan,0.0,0.0,No Loan,1,16,2198.34,2026-07-16,High Risk
CUST01818,42,Female,103250.0,Balochistan,Fixed Deposit,149483.43,754.0,No Loan,0.0,0.0,No Loan,0,13,4366.88,2026-08-04,Low Risk
CUST01819,38,Female,56516.0,Khyber Pakhtunkhwa,Fixed Deposit,226303.04,664.0,Personal Loan,843998.92,18.08,Approved,0,10,1150.63,2026-08-20,Medium Risk
CUST01820,20,Male,51918.5,Punjab,Savings,103209.71,558.0,Personal Loan,913489.13,21.88,Rejected,5,18,3297.93,2026-07-02,High Risk
CUST01821,28,Male,20000.0,Sindh,Savings,66195.61,642.0,No Loan,0.0,0.0,No Loan,1,17,1234.39,2026-07-31,Medium Risk
CUST01822,34,Male,40823.0,Khyber Pakhtunkhwa,Current,89246.83,743.0,No Loan,0.0,0.0,No Loan,2,7,2183.26,2026-07-29,Low Risk
CUST01823,21,Male,26368.0,Khyber Pakhtunkhwa,Salary Account,57366.56,624.0,Education Loan,230353.87,20.14,Rejected,0,11,1539.77,2026-08-09,High Risk
CUST01824,26,Male,59269.0,Punjab,Savings,94418.02,686.0,Business Loan,1372110.41,13.81,Approved,5,7,1686.89,2026-08-22,Medium Risk
CUST01825,32,Male,55839.0,Punjab,Savings,56429.25,644.0,Home Loan,1961048.13,13.08,Approved,11,9,871.48,2026-08-20,Medium Risk
CUST01826,28,Male,33369.0,Balochistan,Savings,92413.82,669.0,Personal Loan,1479049.79,10.88,Rejected,4,11,1433.7,2026-07-07,High Risk
CUST01827,26,Female,37171.0,Khyber Pakhtunkhwa,Savings,58208.58,629.0,Business Loan,2120114.46,10.35,Pending,17,10,2754.84,2026-08-18,Medium Risk
CUST01828,31,Male,63854.0,Punjab,Savings,195618.01,673.0,No Loan,0.0,0.0,No Loan,0,13,2891.58,2026-07-07,Medium Risk
CUST01829,47,Female,81890.0,Punjab,Current,98288.15,687.0,Personal Loan,1001920.95,14.94,Pending,1,14,5037.53,2026-08-21,Medium Risk
CUST01830,37,Female,64997.0,Sindh,Savings,47884.77,668.0,No Loan,0.0,0.0,No Loan,3,7,2917.0,2026-08-25,Medium Risk
CUST01831,18,Male,20000.0,Punjab,Current,61833.54,645.0,Car Loan,463931.8,18.67,Approved,1,15,1126.58,2026-07-20,Medium Risk
CUST01832,38,Male,39764.0,Balochistan,Savings,100838.13,639.0,No Loan,0.0,0.0,No Loan,1,12,3209.22,2026-07-26,Medium Risk
CUST01833,47,Male,32481.0,Sindh,Current,123539.93,636.0,No Loan,0.0,0.0,No Loan,1,11,948.81,2026-08-22,Medium Risk
CUST01834,37,Male,39831.0,Khyber Pakhtunkhwa,Salary Account,159604.19,680.0,No Loan,0.0,0.0,No Loan,0,11,1355.94,2026-08-23,Medium Risk
CUST01835,37,Male,71481.0,Punjab,Savings,129424.55,547.0,Home Loan,486301.57,19.33,Rejected,8,16,2995.84,2026-08-21,High Risk
CUST01836,40,Female,33466.0,Gilgit-Baltistan,Salary Account,93827.39,625.0,Home Loan,886069.23,16.3,Approved,14,19,1365.04,2026-08-18,Medium Risk
CUST01837,32,Female,34709.0,Islamabad Capital Territory,Current,97240.85,640.0,Personal Loan,1414197.41,14.73,Approved,1,11,832.1,2026-06-27,Medium Risk
CUST01838,34,Male,28336.0,Gilgit-Baltistan,Savings,50821.42,660.0,Car Loan,1164190.21,21.33,Rejected,0,9,915.07,2026-07-31,High Risk
CUST01839,41,Female,65791.0,Islamabad Capital Territory,Current,225629.76,557.0,Personal Loan,860027.01,13.27,Rejected,4,12,5030.14,2026-07-03,High Risk
CUST01840,33,Male,39940.0,Islamabad Capital Territory,Current,0.0,645.0,No Loan,0.0,0.0,No Loan,3,15,2131.41,2026-08-24,Medium Risk
CUST01841,50,Female,64839.0,Punjab,Savings,125540.51,682.0,Personal Loan,911107.24,20.04,Pending,2,12,4334.04,2026-07-14,Medium Risk
CUST01842,57,Female,55472.0,Sindh,Fixed Deposit,123736.63,636.0,Personal Loan,352075.69,19.29,Closed,2,13,2229.87,2026-08-25,Medium Risk
CUST01843,54,Female,93913.0,Punjab,Salary Account,180319.41,634.0,Business Loan,311220.35,18.61,Approved,1,13,3518.01,2026-07-29,Medium Risk
CUST01844,48,Male,37888.0,Punjab,Savings,153869.43,591.0,No Loan,0.0,0.0,No Loan,2,16,3202.64,2026-07-26,Medium Risk
CUST01845,58,Female,51772.0,Punjab,Savings,66271.53,625.0,No Loan,0.0,0.0,No Loan,0,8,1566.15,2026-08-22,Medium Risk
CUST01846,42,Male,92227.0,Punjab,Savings,263977.57,645.0,Education Loan,445267.08,15.08,Approved,11,6,3678.65,2026-08-17,Medium Risk
CUST01847,21,Female,20000.0,Punjab,Current,58503.78,695.0,No Loan,0.0,0.0,No Loan,12,18,1202.28,2026-07-25,Medium Risk
CUST01848,63,Male,82990.0,Punjab,Current,184907.53,640.0,Personal Loan,247395.79,21.86,Approved,1,14,4199.36,2026-07-08,Medium Risk
CUST01849,29,Female,60405.0,Sindh,Current,55916.24,532.0,Business Loan,1129926.01,9.89,Rejected,0,6,2286.17,2026-07-03,High Risk
CUST01850,22,Male,38027.0,Punjab,Salary Account,47872.33,686.0,Car Loan,1251982.87,11.76,Closed,0,9,2352.37,2026-07-06,Medium Risk
CUST01851,46,Male,74642.0,Gilgit-Baltistan,Current,239351.82,634.0,Car Loan,697785.71,16.15,Approved,3,20,4982.94,2026-07-24,Medium Risk
CUST01852,27,Male,24132.0,Punjab,Current,41284.01,628.0,Car Loan,943544.85,19.29,Rejected,0,14,1731.38,2026-07-12,High Risk
CUST01853,34,Male,65520.0,Sindh,Savings,127723.94,585.0,Home Loan,4110873.64,8.9,Approved,8,18,3068.85,2026-07-08,Medium Risk
CUST01854,39,Male,49396.0,Khyber Pakhtunkhwa,Current,93619.42,699.0,Car Loan,1391650.45,11.38,Pending,5,13,2667.42,2026-08-10,Medium Risk
CUST01855,45,Male,34443.0,Punjab,Savings,50790.07,655.0,Personal Loan,180468.52,11.3,Rejected,6,14,2060.84,2026-08-13,High Risk
CUST01856,25,Female,20000.0,Punjab,Savings,59905.72,711.0,Business Loan,3706619.24,10.4,Approved,5,12,1296.46,2026-07-31,Low Risk
CUST01857,30,Male,55260.0,Punjab,Fixed Deposit,132735.2,788.0,Car Loan,1452382.83,11.51,Approved,0,14,2442.36,2026-08-11,Low Risk
CUST01858,27,Male,49844.0,Khyber Pakhtunkhwa,Savings,65606.22,650.0,No Loan,0.0,0.0,No Loan,3,15,2479.81,2026-07-07,Medium Risk
CUST01859,67,Male,122924.0,Sindh,Savings,172661.91,727.0,No Loan,0.0,0.0,No Loan,4,11,8527.81,2026-08-17,Low Risk
CUST01860,32,Female,28269.0,Sindh,Current,33678.56,572.0,No Loan,0.0,0.0,No Loan,0,11,1938.02,2026-08-19,High Risk
CUST01861,48,Female,72627.0,Islamabad Capital Territory,Current,278846.82,680.0,Personal Loan,1367848.92,18.25,Approved,2,14,2441.36,2026-08-15,Medium Risk
CUST01862,51,Male,88724.0,Punjab,Savings,263958.39,630.0,Business Loan,4723904.55,14.63,Approved,1,9,5241.07,2026-07-27,Medium Risk
CUST01863,25,Male,43860.0,Islamabad Capital Territory,Current,109588.15,656.0,Car Loan,772741.24,11.56,Rejected,0,14,1985.48,2026-07-02,High Risk
CUST01864,60,Female,85049.0,Sindh,Fixed Deposit,258847.91,641.0,Personal Loan,729341.95,18.52,Approved,0,13,5233.77,2026-08-06,Medium Risk
CUST01865,18,Female,60267.0,Islamabad Capital Territory,Salary Account,98625.39,661.0,Home Loan,3293387.61,12.15,Approved,24,13,3668.67,2026-07-08,Medium Risk
CUST01866,50,Female,90737.0,Sindh,Current,35998.86,612.0,No Loan,0.0,0.0,No Loan,17,20,2714.99,2026-07-05,Medium Risk
CUST01867,35,Male,39300.0,Balochistan,Salary Account,35245.15,593.0,Business Loan,3251944.48,19.11,Rejected,1,9,2375.67,2026-07-16,High Risk
CUST01868,42,Female,59182.0,Punjab,Savings,120095.31,731.0,No Loan,0.0,0.0,No Loan,0,9,2838.87,2026-07-11,Low Risk
CUST01869,49,Male,43831.0,Punjab,Fixed Deposit,75216.4,542.0,No Loan,0.0,0.0,No Loan,3,12,2482.64,2026-07-12,High Risk
CUST01870,39,Male,42205.0,Khyber Pakhtunkhwa,Savings,25573.51,629.0,Personal Loan,1054818.86,9.36,Closed,1,12,3874.18,2026-07-11,Medium Risk
CUST01871,53,Male,50052.0,Sindh,Current,135339.77,762.0,Personal Loan,1173576.25,18.77,Approved,9,13,2463.25,2026-08-11,Low Risk
CUST01872,35,Female,48245.0,Azad Kashmir,Fixed Deposit,95372.9,605.0,No Loan,0.0,0.0,No Loan,13,14,2453.82,2026-08-23,Medium Risk
CUST01873,38,Male,20276.0,Punjab,Current,53590.6,602.0,Home Loan,108495.81,21.83,Rejected,2,7,624.56,2026-07-15,High Risk
CUST01874,26,Male,49732.0,Punjab,Savings,97240.85,636.0,Car Loan,1162499.78,13.59,Approved,8,10,1046.89,2026-08-09,Medium Risk
CUST01875,37,Female,24455.0,Punjab,Salary Account,32985.6,621.0,No Loan,0.0,0.0,No Loan,5,7,1366.12,2026-06-27,Medium Risk
CUST01876,52,Male,76036.0,Sindh,Fixed Deposit,130123.82,689.0,Car Loan,275308.22,10.14,Pending,9,14,3845.42,2026-08-05,Medium Risk
CUST01877,33,Male,60453.0,Balochistan,Savings,210423.02,676.0,Home Loan,2902774.84,12.9,Rejected,0,12,3936.26,2026-08-07,High Risk
CUST01878,40,Male,62616.0,Khyber Pakhtunkhwa,Savings,127349.1,580.0,Home Loan,2412137.77,16.58,Approved,22,14,4091.38,2026-06-30,Medium Risk
CUST01879,39,Male,40789.0,Punjab,Savings,109424.62,695.0,No Loan,0.0,0.0,No Loan,9,9,2130.5,2026-07-04,Medium Risk
CUST01880,25,Female,25811.0,Balochistan,Savings,35132.92,625.0,No Loan,0.0,0.0,No Loan,8,9,1682.92,2026-07-15,Medium Risk
CUST01881,25,Female,20000.0,Balochistan,Savings,64339.69,719.0,Car Loan,555323.26,13.24,Approved,3,15,947.69,2026-07-21,Low Risk
CUST01882,22,Female,20349.0,Punjab,Salary Account,25011.14,569.0,Home Loan,445359.84,16.99,Approved,4,12,656.97,2026-07-27,High Risk
CUST01883,25,Male,86895.0,Punjab,Current,260552.55,589.0,Business Loan,3716008.64,20.02,Approved,2,16,1945.7,2026-08-19,Medium Risk
CUST01884,34,Female,20000.0,Khyber Pakhtunkhwa,Savings,71707.92,713.0,Business Loan,4489767.57,19.14,Pending,0,18,534.7,2026-08-08,Low Risk
CUST01885,24,Female,52872.0,Sindh,Savings,97240.85,621.0,No Loan,0.0,0.0,No Loan,11,14,2999.2,2026-07-15,Medium Risk
CUST01886,43,Female,51918.5,Gilgit-Baltistan,Current,74535.53,718.0,No Loan,0.0,0.0,No Loan,4,12,458.28,2026-07-04,Low Risk
CUST01887,39,Female,69793.0,Gilgit-Baltistan,Current,130114.83,680.0,Home Loan,1527369.05,13.51,Approved,1,10,2772.05,2026-08-20,Medium Risk
CUST01888,24,Male,89566.0,Islamabad Capital Territory,Fixed Deposit,182392.94,657.0,Personal Loan,738984.1,11.31,Pending,4,13,4516.81,2026-07-14,Medium Risk
CUST01889,56,Male,92167.0,Punjab,Current,323861.27,604.0,Car Loan,47839.16,17.55,Approved,0,14,4697.12,2026-08-02,Medium Risk
CUST01890,48,Male,40688.0,Punjab,Savings,78383.6,670.0,No Loan,0.0,0.0,No Loan,13,9,1900.98,2026-07-10,Medium Risk
CUST01891,43,Female,20000.0,Punjab,Savings,45166.25,612.0,Education Loan,32205.3,21.27,Rejected,6,8,845.96,2026-07-05,High Risk
CUST01892,28,Male,50194.0,Punjab,Current,158558.27,589.0,Home Loan,1749686.14,12.8,Closed,6,7,2841.71,2026-07-06,Medium Risk
CUST01893,23,Male,20000.0,Sindh,Current,12274.72,694.0,No Loan,0.0,0.0,No Loan,2,14,1754.84,2026-08-10,Medium Risk
CUST01894,37,Male,50996.0,Punjab,Savings,150248.58,598.0,No Loan,0.0,0.0,No Loan,5,11,2299.51,2026-08-02,Medium Risk
CUST01895,49,Male,51918.5,Punjab,Current,220898.89,777.0,No Loan,0.0,0.0,No Loan,8,13,4883.42,2026-07-21,Low Risk
CUST01896,37,Female,115256.0,Sindh,Fixed Deposit,391314.08,717.0,No Loan,0.0,0.0,No Loan,0,11,8034.77,2026-07-29,Low Risk
CUST01897,42,Female,22472.0,Balochistan,Fixed Deposit,68306.94,687.0,No Loan,0.0,0.0,No Loan,2,13,598.24,2026-07-25,Medium Risk
CUST01898,27,Male,20000.0,Islamabad Capital Territory,Current,51468.58,583.0,No Loan,0.0,0.0,No Loan,1,13,961.25,2026-07-29,Medium Risk
CUST01899,20,Female,35091.0,Punjab,Current,90349.79,608.0,Car Loan,646543.16,10.19,Rejected,1,12,2119.15,2026-08-05,High Risk
CUST01900,35,Male,20000.0,Punjab,Current,84933.48,756.0,No Loan,0.0,0.0,No Loan,2,13,677.69,2026-07-10,Low Risk
CUST01901,50,Male,64078.0,Punjab,Current,104341.1,580.0,No Loan,0.0,0.0,No Loan,3,14,3358.85,2026-07-11,Medium Risk
CUST01902,39,Male,25276.0,Punjab,Salary Account,0.0,695.0,No Loan,0.0,0.0,No Loan,4,14,1730.11,2026-08-11,Medium Risk
CUST01903,45,Female,55485.0,Punjab,Savings,144858.67,698.0,Personal Loan,469875.01,15.03,Rejected,2,14,4294.98,2026-08-18,High Risk
CUST01904,55,Male,29895.0,Punjab,Current,37936.86,630.0,Personal Loan,214157.56,17.24,Pending,14,6,720.82,2026-07-01,Medium Risk
CUST01905,64,Male,100068.0,Punjab,Fixed Deposit,286357.91,672.0,Education Loan,469848.45,15.96,Approved,1,8,5669.47,2026-07-23,Medium Risk
CUST01906,37,Male,39541.0,Balochistan,Savings,145925.13,562.0,Education Loan,471522.62,12.14,Approved,4,7,2093.54,2026-08-08,High Risk
CUST01907,52,Male,78163.0,Sindh,Salary Account,290333.61,580.0,Home Loan,1227902.83,21.15,Approved,5,14,2497.83,2026-07-01,Medium Risk
CUST01908,49,Female,122320.0,Punjab,Savings,527474.75,654.0,Personal Loan,328830.07,15.97,Closed,1,10,1851.06,2026-07-30,Medium Risk
CUST01909,34,Male,68066.0,Sindh,Current,168225.6,673.0,Education Loan,1206313.23,8.81,Pending,4,12,2528.23,2026-06-30,Medium Risk
CUST01910,44,Female,43153.0,Sindh,Savings,161060.14,739.0,Home Loan,663691.07,18.79,Approved,6,8,3821.0,2026-07-29,Low Risk
CUST01911,38,Female,64496.0,Punjab,Current,240689.18,598.0,No Loan,0.0,0.0,No Loan,6,10,5049.03,2026-07-27,Medium Risk
CUST01912,23,Male,21796.0,Punjab,Current,73165.69,698.0,Personal Loan,154026.42,18.09,Approved,12,12,757.92,2026-07-31,Medium Risk
CUST01913,40,Male,31053.0,Sindh,Fixed Deposit,28818.8,618.0,Home Loan,4821940.61,17.32,Pending,1,8,1879.64,2026-07-05,Medium Risk
CUST01914,18,Male,62308.0,Sindh,Savings,200585.14,678.0,Home Loan,2304472.81,20.17,Approved,0,11,2103.55,2026-07-16,Medium Risk
CUST01915,43,Female,70578.0,Khyber Pakhtunkhwa,Salary Account,227936.35,656.0,No Loan,0.0,0.0,No Loan,10,14,3877.9,2026-07-28,Medium Risk
CUST01916,44,Female,78952.0,Sindh,Savings,77853.65,697.0,Car Loan,1385138.83,15.42,Pending,1,24,3423.72,2026-07-03,Medium Risk
CUST01917,24,Female,51123.0,Punjab,Savings,85085.59,769.0,Personal Loan,779564.25,21.8,Pending,2,12,3719.69,2026-07-09,Low Risk
CUST01918,50,Female,67329.0,Islamabad Capital Territory,Current,22673.52,684.0,Home Loan,1679011.67,19.51,Approved,5,11,1409.02,2026-07-31,Medium Risk
CUST01919,56,Male,100735.0,Punjab,Fixed Deposit,361665.24,639.0,Personal Loan,526672.69,21.58,Rejected,13,14,5442.36,2026-07-02,High Risk
CUST01920,32,Male,54094.0,Balochistan,Fixed Deposit,47856.03,622.0,No Loan,0.0,0.0,No Loan,0,8,3477.87,2026-07-27,Medium Risk
CUST01921,39,Male,82780.0,Punjab,Fixed Deposit,285336.78,615.0,No Loan,0.0,0.0,No Loan,6,14,5587.64,2026-08-14,Medium Risk
CUST01922,31,Female,37139.0,Punjab,Savings,90999.46,699.0,Education Loan,1405947.53,21.11,Closed,5,9,380.21,2026-07-24,Medium Risk
CUST01923,37,Male,20000.0,Azad Kashmir,Savings,37538.15,662.0,No Loan,0.0,0.0,No Loan,3,13,1613.98,2026-07-27,Medium Risk
CUST01924,42,Male,104439.0,Balochistan,Savings,450177.45,628.0,No Loan,0.0,0.0,No Loan,3,7,8949.4,2026-07-24,Medium Risk
CUST01925,31,Female,55646.0,Sindh,Fixed Deposit,238675.43,613.0,Personal Loan,182972.78,20.08,Approved,0,9,2547.65,2026-06-30,Medium Risk
CUST01926,48,Male,53004.0,Punjab,Savings,116387.82,696.0,No Loan,0.0,0.0,No Loan,0,8,2143.56,2026-07-24,Medium Risk
CUST01927,39,Male,71017.0,Punjab,Savings,79066.41,534.0,No Loan,0.0,0.0,No Loan,1,11,2944.66,2026-08-14,High Risk
CUST01928,28,Male,61071.0,Punjab,Savings,34808.35,683.0,No Loan,0.0,0.0,No Loan,3,17,4573.96,2026-08-09,Medium Risk
CUST01929,39,Male,103272.0,Punjab,Savings,187492.29,597.0,Car Loan,1341450.77,13.06,Approved,11,14,8690.72,2026-07-20,Medium Risk
CUST01930,26,Female,67695.0,Khyber Pakhtunkhwa,Savings,268872.75,606.0,Education Loan,58388.77,11.44,Rejected,2,13,4421.59,2026-08-14,High Risk
CUST01931,42,Male,20000.0,Sindh,Current,56428.26,584.0,Personal Loan,1114279.45,12.28,Rejected,1,12,1341.63,2026-08-10,High Risk
CUST01932,40,Female,103003.0,Sindh,Fixed Deposit,161009.91,684.0,No Loan,0.0,0.0,No Loan,0,17,7105.49,2026-07-31,Medium Risk
CUST01933,57,Female,56728.0,Sindh,Savings,143598.25,555.0,No Loan,0.0,0.0,No Loan,0,12,2994.71,2026-06-29,High Risk
CUST01934,36,Male,20000.0,Punjab,Savings,56981.93,564.0,No Loan,0.0,0.0,No Loan,15,15,1115.71,2026-07-17,High Risk
CUST01935,62,Male,58656.0,Balochistan,Savings,105952.53,781.0,Personal Loan,1480258.14,14.92,Approved,1,12,2167.46,2026-06-30,Low Risk
CUST01936,26,Male,20000.0,Islamabad Capital Territory,Savings,25214.34,651.0,Car Loan,770729.57,20.71,Approved,8,8,1202.73,2026-08-25,Medium Risk
CUST01937,49,Male,96670.0,Sindh,Current,229975.45,718.0,Personal Loan,655798.48,17.97,Approved,6,10,5848.92,2026-08-22,Low Risk
CUST01938,35,Male,86633.0,Islamabad Capital Territory,Savings,178476.52,551.0,No Loan,0.0,0.0,No Loan,13,7,3073.12,2026-07-01,High Risk
CUST01939,36,Female,27974.0,Islamabad Capital Territory,Salary Account,50480.75,645.0,Business Loan,3765925.69,19.88,Approved,1,16,1767.13,2026-08-22,Medium Risk
CUST01940,18,Female,58836.0,Punjab,Fixed Deposit,15381.71,706.0,Car Loan,255899.33,20.58,Pending,13,8,2934.26,2026-06-28,Low Risk
CUST01941,53,Male,82883.0,Punjab,Savings,201460.59,645.0,Car Loan,113886.11,21.52,Approved,1,14,5641.49,2026-07-21,Medium Risk
CUST01942,39,Male,51918.5,Punjab,Savings,83293.32,658.0,No Loan,0.0,0.0,No Loan,2,15,625.21,2026-08-12,Medium Risk
CUST01943,43,Male,47625.0,Punjab,Savings,171160.72,537.0,No Loan,0.0,0.0,No Loan,2,10,1363.5,2026-08-11,High Risk
CUST01944,27,Male,38634.0,Punjab,Savings,53156.09,554.0,No Loan,0.0,0.0,No Loan,3,9,2670.29,2026-08-24,High Risk
CUST01945,38,Male,39896.0,Khyber Pakhtunkhwa,Savings,140688.12,634.0,Business Loan,4898580.62,9.69,Pending,2,8,2026.96,2026-08-04,Medium Risk
CUST01946,27,Male,38477.0,Sindh,Savings,101850.77,667.0,Car Loan,433819.1,17.37,Rejected,2,14,1325.57,2026-07-22,High Risk
CUST01947,40,Female,99402.0,Islamabad Capital Territory,Fixed Deposit,240266.28,626.0,Car Loan,977753.08,17.21,Rejected,5,7,2525.53,2026-08-25,High Risk
CUST01948,57,Female,71379.0,Sindh,Current,92833.24,636.0,Personal Loan,873652.83,20.16,Approved,0,7,3441.27,2026-07-19,Medium Risk
CUST01949,40,Male,36941.0,Gilgit-Baltistan,Current,162704.03,629.0,Personal Loan,1059729.68,13.51,Approved,5,10,2575.0,2026-08-18,Medium Risk
CUST01950,28,Male,31448.0,Khyber Pakhtunkhwa,Current,37370.21,587.0,Car Loan,425318.31,17.87,Closed,0,11,1044.1,2026-08-20,Medium Risk
CUST01951,38,Female,36906.0,Sindh,Savings,79961.84,605.0,Car Loan,1178744.56,19.7,Rejected,1,14,1892.08,2026-07-19,High Risk
CUST01952,35,Female,65386.0,Sindh,Savings,203976.99,709.0,No Loan,0.0,0.0,No Loan,2,8,4826.98,2026-08-06,Low Risk
CUST01953,47,Female,51817.0,Punjab,Fixed Deposit,72382.69,718.0,Car Loan,1386311.83,18.41,Closed,2,12,1163.36,2026-08-05,Low Risk
CUST01954,25,Male,32922.0,Islamabad Capital Territory,Savings,126369.25,511.0,Home Loan,1336574.61,12.41,Rejected,2,13,1794.51,2026-07-29,High Risk
CUST01955,22,Female,31340.0,Punjab,Fixed Deposit,32494.5,557.0,No Loan,0.0,0.0,No Loan,4,8,1903.51,2026-08-05,High Risk
CUST01956,18,Male,20000.0,Punjab,Current,97240.85,657.0,Business Loan,1705691.3,13.6,Pending,13,14,1002.5,2026-07-17,Medium Risk
CUST01957,50,Female,48846.0,Khyber Pakhtunkhwa,Current,133037.15,683.0,Business Loan,4080334.58,11.66,Pending,1,6,2467.57,2026-07-07,Medium Risk
CUST01958,52,Female,85385.0,Punjab,Savings,134684.03,628.0,Business Loan,3544116.85,20.32,Approved,2,10,5071.46,2026-07-29,Medium Risk
CUST01959,27,Male,35099.0,Sindh,Savings,41578.75,686.0,No Loan,0.0,0.0,No Loan,3,12,2241.07,2026-07-28,Medium Risk
CUST01960,38,Female,50925.0,Punjab,Fixed Deposit,173834.78,684.0,Personal Loan,762639.72,21.07,Rejected,7,19,1804.28,2026-08-09,High Risk
CUST01961,44,Male,67069.0,Punjab,Savings,176155.85,639.0,No Loan,0.0,0.0,No Loan,2,10,2325.83,2026-07-10,Medium Risk
CUST01962,50,Male,20000.0,Punjab,Salary Account,45604.98,615.0,No Loan,0.0,0.0,No Loan,7,16,1154.0,2026-06-27,Medium Risk
CUST01963,53,Male,82800.0,Balochistan,Savings,309139.27,707.0,Business Loan,2765508.69,19.53,Pending,0,13,3947.55,2026-06-28,Low Risk
CUST01964,40,Male,27996.0,Sindh,Current,69727.77,558.0,No Loan,0.0,0.0,No Loan,2,7,302.38,2026-07-14,High Risk
CUST01965,28,Male,20000.0,Punjab,Savings,16040.28,595.0,Car Loan,950754.0,8.5,Closed,8,21,607.92,2026-08-06,Medium Risk
CUST01966,42,Female,46869.0,Sindh,Current,93475.23,633.0,No Loan,0.0,0.0,No Loan,10,13,1501.73,2026-07-29,Medium Risk
CUST01967,29,Male,23841.0,Sindh,Fixed Deposit,48354.18,564.0,Business Loan,874179.26,15.01,Rejected,1,6,1249.05,2026-07-28,High Risk
CUST01968,29,Female,39673.0,Islamabad Capital Territory,Current,117223.48,663.0,No Loan,0.0,0.0,No Loan,10,6,1349.28,2026-08-15,Medium Risk
CUST01969,35,Male,68140.0,Islamabad Capital Territory,Savings,90414.33,554.0,No Loan,0.0,0.0,No Loan,2,18,4888.05,2026-07-11,High Risk
CUST01970,47,Male,63043.0,Punjab,Salary Account,234145.72,709.0,Personal Loan,1207114.86,16.05,Approved,7,11,4336.69,2026-07-17,Low Risk
CUST01971,52,Female,66289.0,Sindh,Savings,88777.19,753.0,Home Loan,2770711.1,11.73,Approved,1,11,2811.02,2026-07-13,Low Risk
CUST01972,23,Male,41175.0,Punjab,Fixed Deposit,139622.51,703.0,Personal Loan,487499.83,13.11,Approved,2,11,1758.64,2026-08-22,Low Risk
CUST01973,36,Male,41903.0,Sindh,Savings,7253.31,642.0,No Loan,0.0,0.0,No Loan,0,10,875.02,2026-08-09,Medium Risk
CUST01974,36,Female,20000.0,Punjab,Fixed Deposit,56548.37,598.0,No Loan,0.0,0.0,No Loan,0,10,1277.06,2026-07-03,Medium Risk
CUST01975,49,Female,51753.0,Khyber Pakhtunkhwa,Savings,241530.44,658.0,Home Loan,4247489.7,12.48,Approved,10,16,3165.32,2026-08-14,Medium Risk
CUST01976,24,Male,20000.0,Sindh,Savings,52545.97,612.0,Personal Loan,483672.68,14.78,Rejected,0,14,1820.38,2026-07-22,High Risk
CUST01977,48,Male,54917.0,Khyber Pakhtunkhwa,Salary Account,73174.92,507.0,Car Loan,271907.6,20.2,Rejected,11,11,1830.56,2026-08-11,High Risk
CUST01978,45,Male,67353.0,Punjab,Current,205409.95,761.0,No Loan,0.0,0.0,No Loan,11,11,5314.24,2026-08-19,Low Risk
CUST01979,30,Male,39382.0,Balochistan,Fixed Deposit,66532.75,614.0,No Loan,0.0,0.0,No Loan,10,9,1307.32,2026-06-27,Medium Risk
CUST01980,28,Male,20000.0,Punjab,Savings,34447.32,559.0,No Loan,0.0,0.0,No Loan,1,10,1243.66,2026-07-09,High Risk
CUST01981,34,Male,38534.0,Balochistan,Current,135254.82,579.0,Car Loan,1455951.98,19.51,Approved,1,6,1293.14,2026-07-03,High Risk
CUST01982,18,Male,20000.0,Punjab,Current,53951.03,628.0,Home Loan,2131277.4,12.86,Rejected,2,10,937.2,2026-06-29,High Risk
CUST01983,18,Male,20701.0,Khyber Pakhtunkhwa,Fixed Deposit,12124.32,679.0,Business Loan,735328.23,17.32,Rejected,6,13,1350.09,2026-08-01,High Risk
CUST01984,41,Female,31484.0,Sindh,Salary Account,19836.13,576.0,Car Loan,1029137.43,16.61,Closed,0,7,1667.91,2026-08-08,High Risk
CUST01985,48,Male,43682.0,Islamabad Capital Territory,Current,121392.89,584.0,No Loan,0.0,0.0,No Loan,4,9,1269.25,2026-06-29,Medium Risk
CUST01986,45,Female,61205.0,Khyber Pakhtunkhwa,Savings,74790.44,674.0,Personal Loan,525286.29,16.25,Approved,3,11,4006.34,2026-08-10,Medium Risk
CUST01987,36,Male,60218.0,Khyber Pakhtunkhwa,Current,23367.83,579.0,Car Loan,1386792.87,19.17,Closed,11,15,3439.7,2026-07-21,High Risk
CUST01988,20,Female,58915.0,Gilgit-Baltistan,Current,113434.13,605.0,No Loan,0.0,0.0,No Loan,2,13,4808.42,2026-07-11,Medium Risk
CUST01989,42,Male,52926.0,Punjab,Savings,121639.1,598.0,Business Loan,2969563.19,13.74,Closed,0,14,1839.86,2026-07-10,Medium Risk
CUST01990,31,Male,79317.0,Islamabad Capital Territory,Fixed Deposit,191152.23,701.0,Home Loan,1449764.55,17.67,Closed,4,18,5335.59,2026-08-17,Low Risk
CUST01991,41,Female,82504.0,Islamabad Capital Territory,Current,122456.76,574.0,No Loan,0.0,0.0,No Loan,0,13,1847.51,2026-06-30,High Risk
CUST01992,27,Male,32326.0,Sindh,Current,91224.59,666.0,No Loan,0.0,0.0,No Loan,15,11,1644.9,2026-07-27,Medium Risk
CUST01993,28,Female,34389.0,Khyber Pakhtunkhwa,Savings,87324.08,631.0,No Loan,0.0,0.0,No Loan,4,14,1301.39,2026-07-14,Medium Risk
CUST01994,58,Female,60702.0,Sindh,Fixed Deposit,161785.32,641.0,No Loan,0.0,0.0,No Loan,11,12,569.65,2026-08-14,Medium Risk
CUST01995,18,Male,63407.0,Punjab,Savings,212450.08,669.0,Car Loan,109694.24,18.05,Closed,9,12,2321.9,2026-08-09,Medium Risk
CUST01996,47,Female,44494.0,Punjab,Current,164536.37,689.0,No Loan,0.0,0.0,No Loan,4,14,1785.75,2026-07-16,Medium Risk
CUST01997,28,Male,30505.0,Punjab,Savings,105075.09,640.0,Personal Loan,811219.53,8.51,Pending,3,12,866.11,2026-08-01,Medium Risk
CUST01998,18,Male,30259.0,Punjab,Fixed Deposit,31264.43,611.0,Personal Loan,229679.78,12.87,Approved,8,16,1316.42,2026-08-06,Medium Risk
CUST01999,51,Male,82455.0,Gilgit-Baltistan,Savings,191737.92,698.0,Car Loan,447629.3,9.51,Rejected,0,16,7265.78,2026-07-16,High Risk
CUST02000,33,Male,91636.0,Punjab,Current,305515.21,698.0,Home Loan,3527347.07,9.67,Pending,1,13,6351.9,2026-07-15,Medium Risk
